claim_id,policy_id,insured_name,line_of_business,loss_date,loss_type,claim_status,reserve_amount,paid_amount,adjuster_notes,litigation_flag,pii_flag,data_sensitivity,source_system,created_timestamp,updated_timestamp,created_by,updated_by
CLM-000001,POL-000253,Miller and Sons,Commercial Auto,2024-07-21,General Liability,In Review,317015.89,152455.78,Initial review completed for General Liability. Claim status is currently In Review.,False,False,restricted,claims_core_system,2024-07-23T15:49:58.115896,2024-09-09T15:49:58.115896,claims_adjuster_002,claims_adjuster_001
CLM-000002,POL-000266,Wilcox Inc,Workers Compensation,2024-06-25,Water Damage,Litigation,318913.52,62834.84,Pending supervisor review due to complexity of Water Damage claim.,True,False,restricted,fnol_portal,2024-06-26T15:49:58.115896,2024-06-30T15:49:58.115896,claims_manager_001,claims_adjuster_001
CLM-000003,POL-000137,"Mcdonald, Rivera and Crane",Commercial Auto,2024-05-07,Fire,In Review,456509.12,60796.71,Coverage review in progress. Adjuster evaluating damages related to Fire.,False,False,internal,claims_core_system,2024-05-11T15:49:58.115896,2024-08-10T15:49:58.115896,claims_adjuster_002,claims_adjuster_002
CLM-000004,POL-000079,Anderson-Taylor,Workers Compensation,2024-09-03,Auto Liability,Open,195281.24,194571.22,Additional documentation requested from insured regarding Auto Liability.,False,True,restricted,adjuster_workbench,2024-09-05T15:49:58.115896,2024-11-21T15:49:58.115896,claims_manager_001,claims_manager_001
CLM-000005,POL-000167,Smith and Sons,Commercial Property,2025-11-06,Water Damage,Litigation,301278.71,51308.53,Coverage review in progress. Adjuster evaluating damages related to Water Damage.,True,False,restricted,fnol_portal,2025-11-14T15:49:58.115896,2025-11-15T15:49:58.115896,claims_adjuster_001,claims_manager_001
CLM-000006,POL-000138,Smith-Cole,Umbrella,2024-07-21,Hail,Litigation,174077.79,115987.03,Additional documentation requested from insured regarding Hail.,True,True,internal,fnol_portal,2024-07-25T15:49:58.115896,2024-11-07T15:49:58.115896,claims_manager_001,claims_adjuster_002
CLM-000007,POL-000065,"Wilkins, Wilkins and Walton",General Liability,2025-04-27,Water Damage,Pending Documents,316258.82,106830.02,Coverage review in progress. Adjuster evaluating damages related to Water Damage.,False,False,restricted,claims_core_system,2025-05-05T15:49:58.115896,2025-08-20T15:49:58.115896,claims_adjuster_001,claims_adjuster_001
CLM-000008,POL-000049,"Ellison, Blackburn and Gomez",General Liability,2024-01-27,Workers Compensation,Denied,358088.94,270381.86,Coverage review in progress. Adjuster evaluating damages related to Workers Compensation.,False,False,confidential,fnol_portal,2024-02-02T15:49:58.115896,2024-02-24T15:49:58.115896,claims_manager_001,claims_adjuster_002
CLM-000009,POL-000253,"Friedman, Henry and Perez",Commercial Property,2024-04-14,Theft,Pending Documents,231317.65,208304.06,Pending supervisor review due to complexity of Theft claim.,False,False,internal,claims_core_system,2024-04-16T15:49:58.115896,2024-07-12T15:49:58.115896,claims_manager_001,claims_adjuster_001
CLM-000010,POL-000146,Mcneil Ltd,General Liability,2024-09-14,Property Damage,Closed,310167.36,277825.69,Claim file updated after inspection. Current status: Closed.,False,False,confidential,adjuster_workbench,2024-09-18T15:49:58.115896,2025-01-15T15:49:58.115896,claims_adjuster_001,claims_adjuster_001
CLM-000011,POL-000091,Edwards Inc,Workers Compensation,2024-09-06,Hail,Open,112714.99,24888.22,Claim file updated after inspection. Current status: Open.,False,False,internal,fnol_portal,2024-09-13T15:49:58.115896,2024-11-21T15:49:58.115896,claims_adjuster_002,claims_manager_001
CLM-000012,POL-000171,Reynolds-Jones,Umbrella,2024-11-15,Hail,In Review,398623.96,153285.93,Coverage review in progress. Adjuster evaluating damages related to Hail.,False,False,restricted,claims_core_system,2024-11-16T15:49:58.115896,2025-03-05T15:49:58.115896,claims_adjuster_001,claims_adjuster_001
CLM-000013,POL-000237,Davis Inc,Commercial Auto,2026-02-19,Fire,In Review,169875.86,133458.18,Coverage review in progress. Adjuster evaluating damages related to Fire.,False,True,restricted,claims_core_system,2026-03-01T15:49:58.115896,2026-06-08T15:49:58.115896,claims_manager_001,claims_adjuster_001
CLM-000014,POL-000083,Fernandez-Gordon,Commercial Auto,2024-12-03,Water Damage,Litigation,206619.18,37914.35,Pending supervisor review due to complexity of Water Damage claim.,False,False,restricted,fnol_portal,2024-12-09T15:49:58.115896,2025-01-25T15:49:58.115896,claims_adjuster_002,claims_manager_001
CLM-000015,POL-000074,Mills-Walker,General Liability,2024-04-27,Workers Compensation,Denied,54659.18,32295.8,Coverage review in progress. Adjuster evaluating damages related to Workers Compensation.,False,False,confidential,adjuster_workbench,2024-05-05T15:49:58.115896,2024-06-26T15:49:58.115896,claims_adjuster_002,claims_manager_001
CLM-000016,POL-000071,Carey Group,Workers Compensation,2025-07-27,Water Damage,In Review,32467.22,18214.82,Pending supervisor review due to complexity of Water Damage claim.,False,True,confidential,adjuster_workbench,2025-08-03T15:49:58.115896,2025-10-19T15:49:58.115896,claims_adjuster_002,claims_manager_001
CLM-000017,POL-000170,"Romero, Tran and Rivera",Commercial Property,2025-03-13,Fire,Open,398381.05,125088.1,Claim file updated after inspection. Current status: Open.,False,False,confidential,claims_core_system,2025-03-19T15:49:58.115896,2025-06-28T15:49:58.115896,claims_adjuster_001,claims_adjuster_002
CLM-000018,POL-000180,"Richards, Mccarthy and Washington",Commercial Auto,2025-01-18,Workers Compensation,Closed,288082.35,36409.44,Coverage review in progress. Adjuster evaluating damages related to Workers Compensation.,False,False,confidential,claims_core_system,2025-01-28T15:49:58.115896,2025-05-27T15:49:58.115896,claims_manager_001,claims_adjuster_001
CLM-000019,POL-000013,"Davis, Rodriguez and Davis",Commercial Auto,2025-10-05,General Liability,In Review,401283.2,242534.61,Claim file updated after inspection. Current status: In Review.,False,True,internal,claims_core_system,2025-10-15T15:49:58.115896,2025-12-09T15:49:58.115896,claims_manager_001,claims_adjuster_001
CLM-000020,POL-000264,Johnson-Steele,Commercial Auto,2025-08-25,General Liability,Litigation,232871.47,227366.86,Initial review completed for General Liability. Claim status is currently Litigation.,True,False,restricted,claims_core_system,2025-08-26T15:49:58.115896,2025-09-07T15:49:58.115896,claims_adjuster_001,claims_adjuster_002
CLM-000021,POL-000072,"Hughes, Moreno and Kelley",Workers Compensation,2025-05-18,Workers Compensation,Litigation,45991.13,29981.5,Coverage review in progress. Adjuster evaluating damages related to Workers Compensation.,True,True,internal,adjuster_workbench,2025-05-22T15:49:58.115896,2025-08-31T15:49:58.115896,claims_manager_001,claims_adjuster_001
CLM-000022,POL-000126,Williams Group,Commercial Property,2025-05-15,Theft,Litigation,327037.62,233403.2,Claim file updated after inspection. Current status: Litigation.,True,True,restricted,adjuster_workbench,2025-05-19T15:49:58.119355,2025-07-29T15:49:58.119355,claims_manager_001,claims_adjuster_002
CLM-000023,POL-000108,Brown-Thompson,Commercial Property,2025-04-28,General Liability,Closed,104098.96,91648.42,Pending supervisor review due to complexity of General Liability claim.,False,True,restricted,fnol_portal,2025-05-05T15:49:58.119355,2025-08-16T15:49:58.119355,claims_adjuster_001,claims_manager_001
CLM-000024,POL-000131,Rice-Miller,Commercial Auto,2024-11-19,Water Damage,Closed,305069.4,233817.43,Pending supervisor review due to complexity of Water Damage claim.,False,False,internal,fnol_portal,2024-11-27T15:49:58.119355,2025-03-01T15:49:58.119355,claims_adjuster_002,claims_adjuster_001
CLM-000025,POL-000022,Hebert-Richardson,General Liability,2023-11-20,Water Damage,Pending Documents,367860.18,30543.59,Pending supervisor review due to complexity of Water Damage claim.,False,True,confidential,adjuster_workbench,2023-11-29T15:49:58.119355,2023-12-02T15:49:58.119355,claims_manager_001,claims_manager_001
CLM-000026,POL-000077,"Rice, Leonard and Brewer",General Liability,2023-11-20,Theft,In Review,171352.58,23839.45,Pending supervisor review due to complexity of Theft claim.,False,True,restricted,claims_core_system,2023-11-28T15:49:58.119355,2024-02-07T15:49:58.119355,claims_manager_001,claims_manager_001
CLM-000027,POL-000023,Gates Inc,General Liability,2024-02-21,Windstorm,Litigation,407089.97,281491.15,Initial review completed for Windstorm. Claim status is currently Litigation.,False,False,internal,adjuster_workbench,2024-02-24T15:49:58.119355,2024-04-16T15:49:58.119355,claims_adjuster_001,claims_adjuster_001
CLM-000028,POL-000187,"Schaefer, Pham and Garcia",Umbrella,2025-01-18,General Liability,Litigation,296720.12,191567.6,Pending supervisor review due to complexity of General Liability claim.,True,False,confidential,adjuster_workbench,2025-01-25T15:49:58.119355,2025-02-14T15:49:58.119355,claims_adjuster_002,claims_adjuster_002
CLM-000029,POL-000179,Wyatt PLC,Commercial Property,2025-06-17,Workers Compensation,Pending Documents,97831.54,31220.82,Initial review completed for Workers Compensation. Claim status is currently Pending Documents.,False,False,restricted,claims_core_system,2025-06-22T15:49:58.119355,2025-06-26T15:49:58.119355,claims_manager_001,claims_adjuster_001
CLM-000030,POL-000249,Cardenas-Shepherd,General Liability,2025-10-31,Auto Liability,Denied,38180.05,19329.16,Initial review completed for Auto Liability. Claim status is currently Denied.,False,False,restricted,adjuster_workbench,2025-11-03T15:49:58.119355,2025-11-16T15:49:58.119355,claims_manager_001,claims_adjuster_002
CLM-000031,POL-000260,Whitney and Sons,Workers Compensation,2026-01-19,Theft,Open,234896.54,92934.13,Claim file updated after inspection. Current status: Open.,False,False,confidential,fnol_portal,2026-01-24T15:49:58.119355,2026-05-02T15:49:58.119355,claims_adjuster_002,claims_manager_001
CLM-000032,POL-000232,Gordon-Rodriguez,General Liability,2025-08-19,Windstorm,Pending Documents,5470.18,3206.4,Claim file updated after inspection. Current status: Pending Documents.,False,True,internal,claims_core_system,2025-08-21T15:49:58.119355,2025-09-16T15:49:58.119355,claims_adjuster_002,claims_adjuster_001
CLM-000033,POL-000141,Phillips LLC,Commercial Property,2025-04-27,Workers Compensation,Litigation,393762.55,227009.79,Claim file updated after inspection. Current status: Litigation.,False,False,restricted,adjuster_workbench,2025-05-02T15:49:58.119355,2025-08-22T15:49:58.119355,claims_manager_001,claims_adjuster_002
CLM-000034,POL-000183,Rich-Stevens,Commercial Auto,2025-12-06,Workers Compensation,Litigation,252845.82,51667.41,Pending supervisor review due to complexity of Workers Compensation claim.,True,True,confidential,fnol_portal,2025-12-11T15:49:58.119355,2026-02-01T15:49:58.119355,claims_adjuster_001,claims_adjuster_002
CLM-000035,POL-000069,Macias-Richardson,Workers Compensation,2025-09-30,Theft,Litigation,111146.52,108720.37,Additional documentation requested from insured regarding Theft.,False,False,internal,adjuster_workbench,2025-10-05T15:49:58.119355,2025-11-18T15:49:58.119355,claims_manager_001,claims_adjuster_002
CLM-000036,POL-000008,"Miller, Perry and Bradley",Commercial Auto,2025-01-18,Fire,Litigation,269408.61,133621.29,Claim file updated after inspection. Current status: Litigation.,False,False,restricted,adjuster_workbench,2025-01-28T15:49:58.120854,2025-02-27T15:49:58.120854,claims_manager_001,claims_adjuster_002
CLM-000037,POL-000032,"Rios, Reed and Peterson",Commercial Property,2026-01-17,General Liability,Pending Documents,273990.05,205706.17,Coverage review in progress. Adjuster evaluating damages related to General Liability.,False,True,restricted,fnol_portal,2026-01-23T15:49:58.120854,2026-04-03T15:49:58.120854,claims_adjuster_001,claims_adjuster_002
CLM-000038,POL-000080,Allen-Randall,Workers Compensation,2026-03-31,General Liability,Closed,197693.15,100068.97,Coverage review in progress. Adjuster evaluating damages related to General Liability.,False,True,restricted,adjuster_workbench,2026-04-05T15:49:58.120854,2026-04-26T15:49:58.120854,claims_adjuster_002,claims_adjuster_001
CLM-000039,POL-000067,Lewis PLC,Workers Compensation,2025-04-20,Theft,Denied,401190.34,293344.86,Coverage review in progress. Adjuster evaluating damages related to Theft.,False,False,restricted,claims_core_system,2025-04-25T15:49:58.120854,2025-08-16T15:49:58.120854,claims_adjuster_001,claims_adjuster_002
CLM-000040,POL-000136,"King, Montoya and Barr",General Liability,2024-03-03,Auto Liability,Denied,289656.77,273642.45,Pending supervisor review due to complexity of Auto Liability claim.,False,False,restricted,fnol_portal,2024-03-03T15:49:58.120854,2024-06-26T15:49:58.120854,claims_adjuster_001,claims_manager_001
CLM-000041,POL-000235,"Dean, Collins and Pierce",Commercial Auto,2024-04-07,Theft,In Review,480354.43,172051.63,Additional documentation requested from insured regarding Theft.,False,False,confidential,claims_core_system,2024-04-07T15:49:58.121859,2024-06-07T15:49:58.121859,claims_adjuster_001,claims_adjuster_001
CLM-000042,POL-000068,"Martinez, Acevedo and Garcia",Umbrella,2026-04-04,General Liability,Denied,344321.59,131161.67,Initial review completed for General Liability. Claim status is currently Denied.,False,False,confidential,claims_core_system,2026-04-11T15:49:58.121859,2026-07-11T15:49:58.121859,claims_adjuster_001,claims_adjuster_002
CLM-000043,POL-000252,Ross-Baker,Commercial Property,2025-03-05,General Liability,Closed,369023.55,348696.84,Coverage review in progress. Adjuster evaluating damages related to General Liability.,False,True,confidential,claims_core_system,2025-03-09T15:49:58.121859,2025-06-17T15:49:58.121859,claims_adjuster_002,claims_adjuster_001
CLM-000044,POL-000024,Bennett-Davis,Umbrella,2025-11-06,General Liability,In Review,52110.08,34697.03,Claim file updated after inspection. Current status: In Review.,False,False,confidential,adjuster_workbench,2025-11-06T15:49:58.121859,2025-11-16T15:49:58.121859,claims_manager_001,claims_adjuster_002
CLM-000045,POL-000198,"Hanson, Griffin and Zavala",Commercial Auto,2024-04-18,Water Damage,Open,312720.28,18582.87,Additional documentation requested from insured regarding Water Damage.,False,True,internal,claims_core_system,2024-04-27T15:49:58.121859,2024-07-02T15:49:58.121859,claims_adjuster_002,claims_adjuster_001
CLM-000046,POL-000099,Rodriguez-Williams,General Liability,2025-06-17,Fire,Closed,369138.08,303348.96,Initial review completed for Fire. Claim status is currently Closed.,False,True,internal,fnol_portal,2025-06-21T15:49:58.121859,2025-07-19T15:49:58.121859,claims_adjuster_001,claims_manager_001
CLM-000047,POL-000116,Moore-Douglas,Commercial Auto,2024-08-26,Workers Compensation,Open,145229.95,99399.7,Additional documentation requested from insured regarding Workers Compensation.,False,False,confidential,claims_core_system,2024-08-30T15:49:58.121859,2024-12-06T15:49:58.121859,claims_adjuster_002,claims_manager_001
CLM-000048,POL-000261,Wright Group,Workers Compensation,2024-05-20,Auto Liability,In Review,240571.48,217244.48,Initial review completed for Auto Liability. Claim status is currently In Review.,False,True,internal,claims_core_system,2024-05-30T15:49:58.121859,2024-08-22T15:49:58.121859,claims_adjuster_001,claims_adjuster_002
CLM-000049,POL-000258,Mcdowell Inc,Commercial Property,2025-04-15,Water Damage,Pending Documents,313323.22,208372.64,Initial review completed for Water Damage. Claim status is currently Pending Documents.,False,False,confidential,adjuster_workbench,2025-04-15T15:49:58.121859,2025-04-26T15:49:58.121859,claims_adjuster_002,claims_manager_001
CLM-000050,POL-000271,Miller-Ross,Workers Compensation,2025-12-14,Property Damage,Litigation,153262.09,122253.48,Coverage review in progress. Adjuster evaluating damages related to Property Damage.,False,True,internal,fnol_portal,2025-12-16T15:49:58.121859,2025-12-23T15:49:58.121859,claims_adjuster_001,claims_adjuster_001
CLM-000051,POL-000008,"Schmitt, Diaz and Gonzalez",General Liability,2025-01-20,Hail,Closed,237995.34,45834.63,Initial review completed for Hail. Claim status is currently Closed.,False,False,confidential,adjuster_workbench,2025-01-26T15:49:58.121859,2025-04-04T15:49:58.121859,claims_adjuster_002,claims_adjuster_002
CLM-000052,POL-000255,Cooper-Savage,Commercial Property,2025-03-11,Windstorm,Closed,8284.46,1066.5,Pending supervisor review due to complexity of Windstorm claim.,False,False,restricted,claims_core_system,2025-03-13T15:49:58.121859,2025-04-01T15:49:58.121859,claims_adjuster_002,claims_adjuster_001
CLM-000053,POL-000186,Cooper-Jackson,General Liability,2023-12-23,Water Damage,Litigation,447780.4,26921.13,Claim file updated after inspection. Current status: Litigation.,True,False,internal,claims_core_system,2024-01-02T15:49:58.121859,2024-04-11T15:49:58.121859,claims_manager_001,claims_manager_001
CLM-000054,POL-000107,"Stewart, Green and Arnold",Commercial Auto,2025-01-06,Auto Liability,Denied,371410.92,22836.57,Coverage review in progress. Adjuster evaluating damages related to Auto Liability.,False,False,restricted,claims_core_system,2025-01-10T15:49:58.121859,2025-02-21T15:49:58.121859,claims_adjuster_001,claims_adjuster_001
CLM-000055,POL-000177,Wagner Group,Workers Compensation,2025-09-21,Property Damage,Litigation,199622.36,32916.46,Pending supervisor review due to complexity of Property Damage claim.,True,False,restricted,adjuster_workbench,2025-09-24T15:49:58.121859,2026-01-06T15:49:58.121859,claims_adjuster_002,claims_adjuster_002
CLM-000056,POL-000219,Johnson LLC,General Liability,2026-02-10,Hail,Open,382670.55,254939.74,Claim file updated after inspection. Current status: Open.,False,True,internal,claims_core_system,2026-02-17T15:49:58.121859,2026-06-01T15:49:58.121859,claims_adjuster_001,claims_manager_001
CLM-000057,POL-000151,Whitehead-Smith,Umbrella,2025-06-18,Fire,In Review,190223.28,131960.39,Additional documentation requested from insured regarding Fire.,False,False,restricted,fnol_portal,2025-06-18T15:49:58.121859,2025-07-23T15:49:58.121859,claims_adjuster_002,claims_manager_001
CLM-000058,POL-000241,Williams Ltd,Commercial Auto,2025-10-05,Theft,Open,365069.98,240083.18,Initial review completed for Theft. Claim status is currently Open.,False,True,restricted,fnol_portal,2025-10-13T15:49:58.121859,2025-12-29T15:49:58.121859,claims_adjuster_001,claims_adjuster_001
CLM-000059,POL-000088,Morgan-Meyer,Workers Compensation,2024-04-02,General Liability,In Review,491558.65,60925.63,Additional documentation requested from insured regarding General Liability.,False,False,confidential,claims_core_system,2024-04-09T15:49:58.121859,2024-05-25T15:49:58.121859,claims_manager_001,claims_adjuster_001
CLM-000060,POL-000024,Perez PLC,Workers Compensation,2024-01-14,Property Damage,Open,269424.04,61112.45,Additional documentation requested from insured regarding Property Damage.,False,True,confidential,claims_core_system,2024-01-24T15:49:58.121859,2024-04-12T15:49:58.121859,claims_manager_001,claims_adjuster_002
CLM-000061,POL-000150,Jackson Ltd,General Liability,2024-01-04,Windstorm,Litigation,306445.97,87494.7,Additional documentation requested from insured regarding Windstorm.,True,False,confidential,adjuster_workbench,2024-01-11T15:49:58.121859,2024-02-20T15:49:58.121859,claims_adjuster_001,claims_manager_001
CLM-000062,POL-000151,"Thompson, Thompson and Cohen",Commercial Property,2026-03-05,Theft,Litigation,225722.87,213229.39,Coverage review in progress. Adjuster evaluating damages related to Theft.,True,True,internal,adjuster_workbench,2026-03-09T15:49:58.121859,2026-03-13T15:49:58.121859,claims_adjuster_001,claims_adjuster_001
CLM-000063,POL-000005,"Carter, Wheeler and Durham",Umbrella,2025-09-14,Water Damage,Open,28076.38,3314.32,Initial review completed for Water Damage. Claim status is currently Open.,False,False,restricted,claims_core_system,2025-09-20T15:49:58.121859,2026-01-08T15:49:58.121859,claims_manager_001,claims_adjuster_001
CLM-000064,POL-000025,"Parker, Carter and Johnson",Commercial Property,2025-02-21,Workers Compensation,Litigation,227497.26,25665.34,Initial review completed for Workers Compensation. Claim status is currently Litigation.,False,False,internal,adjuster_workbench,2025-02-21T15:49:58.121859,2025-03-13T15:49:58.121859,claims_adjuster_002,claims_manager_001
CLM-000065,POL-000056,Vasquez Ltd,Umbrella,2024-01-18,Property Damage,Litigation,172892.64,154814.49,Coverage review in progress. Adjuster evaluating damages related to Property Damage.,True,False,confidential,fnol_portal,2024-01-28T15:49:58.121859,2024-03-08T15:49:58.121859,claims_manager_001,claims_adjuster_001
CLM-000066,POL-000071,Hart PLC,General Liability,2025-04-27,Windstorm,Litigation,148372.16,49867.63,Pending supervisor review due to complexity of Windstorm claim.,True,False,internal,adjuster_workbench,2025-05-04T15:49:58.121859,2025-07-22T15:49:58.121859,claims_adjuster_001,claims_manager_001
CLM-000067,POL-000224,Roberts Group,General Liability,2025-05-26,Theft,Litigation,73515.24,55247.05,Initial review completed for Theft. Claim status is currently Litigation.,True,False,confidential,claims_core_system,2025-05-26T15:49:58.121859,2025-07-31T15:49:58.121859,claims_adjuster_002,claims_adjuster_002
CLM-000068,POL-000035,Jenkins PLC,Commercial Auto,2025-07-14,Hail,Closed,377844.84,240195.65,Pending supervisor review due to complexity of Hail claim.,False,True,internal,claims_core_system,2025-07-24T15:49:58.121859,2025-07-30T15:49:58.121859,claims_manager_001,claims_manager_001
CLM-000069,POL-000172,Stephenson-Anderson,Commercial Auto,2025-03-30,Workers Compensation,Litigation,463205.79,32883.72,Initial review completed for Workers Compensation. Claim status is currently Litigation.,True,True,internal,adjuster_workbench,2025-04-07T15:49:58.121859,2025-06-20T15:49:58.121859,claims_adjuster_001,claims_manager_001
CLM-000070,POL-000045,Reese-Guerra,Commercial Auto,2025-01-04,Hail,Open,350242.92,66101.69,Initial review completed for Hail. Claim status is currently Open.,False,False,restricted,fnol_portal,2025-01-14T15:49:58.121859,2025-04-21T15:49:58.121859,claims_adjuster_002,claims_adjuster_002
CLM-000071,POL-000237,"Smith, Meadows and Rodriguez",Commercial Auto,2025-02-21,Windstorm,Open,432213.56,299976.4,Coverage review in progress. Adjuster evaluating damages related to Windstorm.,False,False,restricted,claims_core_system,2025-02-28T15:49:58.121859,2025-06-28T15:49:58.121859,claims_adjuster_001,claims_adjuster_002
CLM-000072,POL-000065,"Daniels, Nichols and Terry",Commercial Property,2025-09-16,Property Damage,Litigation,463183.21,355653.95,Pending supervisor review due to complexity of Property Damage claim.,True,False,restricted,fnol_portal,2025-09-16T15:49:58.121859,2026-01-09T15:49:58.121859,claims_adjuster_001,claims_manager_001
CLM-000073,POL-000295,"Williams, Garcia and Harper",General Liability,2025-01-31,Workers Compensation,Litigation,226469.29,205695.75,Additional documentation requested from insured regarding Workers Compensation.,False,True,internal,fnol_portal,2025-02-05T15:49:58.121859,2025-04-10T15:49:58.121859,claims_adjuster_002,claims_adjuster_001
CLM-000074,POL-000168,Taylor Inc,General Liability,2024-04-20,General Liability,Closed,418995.34,118303.39,Additional documentation requested from insured regarding General Liability.,False,False,confidential,adjuster_workbench,2024-04-20T15:49:58.121859,2024-06-22T15:49:58.121859,claims_adjuster_001,claims_manager_001
CLM-000075,POL-000082,Smith LLC,Commercial Property,2024-04-22,Property Damage,Closed,287227.38,94507.67,Initial review completed for Property Damage. Claim status is currently Closed.,False,True,internal,fnol_portal,2024-04-26T15:49:58.121859,2024-05-03T15:49:58.121859,claims_adjuster_002,claims_adjuster_001
CLM-000076,POL-000145,Romero-Martin,General Liability,2024-06-06,Theft,Denied,405079.42,1741.6,Initial review completed for Theft. Claim status is currently Denied.,False,False,restricted,adjuster_workbench,2024-06-11T15:49:58.121859,2024-10-02T15:49:58.121859,claims_manager_001,claims_manager_001
CLM-000077,POL-000259,"Lopez, Jordan and Johnson",General Liability,2024-06-01,Hail,Open,373231.39,185582.7,Coverage review in progress. Adjuster evaluating damages related to Hail.,False,True,restricted,claims_core_system,2024-06-03T15:49:58.121859,2024-08-27T15:49:58.121859,claims_adjuster_001,claims_adjuster_002
CLM-000078,POL-000081,Moore-Schroeder,Commercial Property,2025-09-09,Windstorm,Litigation,95834.5,80367.33,Pending supervisor review due to complexity of Windstorm claim.,False,False,restricted,claims_core_system,2025-09-19T15:49:58.121859,2026-01-15T15:49:58.121859,claims_adjuster_002,claims_adjuster_002
CLM-000079,POL-000020,Davies-Castillo,Umbrella,2024-08-22,Windstorm,Open,474034.17,13789.61,Additional documentation requested from insured regarding Windstorm.,False,True,internal,adjuster_workbench,2024-08-25T15:49:58.121859,2024-12-15T15:49:58.121859,claims_manager_001,claims_manager_001
CLM-000080,POL-000139,Campbell-Ho,General Liability,2025-04-14,Hail,Open,272447.42,253406.47,Additional documentation requested from insured regarding Hail.,False,False,confidential,fnol_portal,2025-04-16T15:49:58.121859,2025-05-13T15:49:58.121859,claims_adjuster_002,claims_manager_001
CLM-000081,POL-000192,Thompson-Johnston,General Liability,2024-05-15,Property Damage,Open,49651.01,29975.62,Pending supervisor review due to complexity of Property Damage claim.,False,True,internal,fnol_portal,2024-05-24T15:49:58.126452,2024-08-11T15:49:58.126452,claims_adjuster_001,claims_manager_001
CLM-000082,POL-000059,Wade LLC,Commercial Property,2025-04-24,Water Damage,Closed,495466.07,142104.52,Additional documentation requested from insured regarding Water Damage.,False,False,restricted,fnol_portal,2025-04-24T15:49:58.126452,2025-06-11T15:49:58.126452,claims_adjuster_002,claims_adjuster_001
CLM-000083,POL-000032,Bright LLC,Commercial Auto,2025-11-20,Workers Compensation,Litigation,332062.16,137772.77,Additional documentation requested from insured regarding Workers Compensation.,True,True,confidential,claims_core_system,2025-11-23T15:49:58.126452,2026-01-25T15:49:58.126452,claims_adjuster_001,claims_adjuster_002
CLM-000084,POL-000225,"Serrano, Morales and Schmidt",Workers Compensation,2025-12-16,Fire,Open,23652.9,12162.67,Initial review completed for Fire. Claim status is currently Open.,False,False,internal,claims_core_system,2025-12-21T15:49:58.126452,2026-04-11T15:49:58.126452,claims_adjuster_001,claims_manager_001
CLM-000085,POL-000102,"Swanson, Smith and Dean",Umbrella,2025-01-11,Water Damage,In Review,245986.43,244515.37,Additional documentation requested from insured regarding Water Damage.,False,False,confidential,adjuster_workbench,2025-01-11T15:49:58.126452,2025-01-24T15:49:58.126452,claims_adjuster_001,claims_adjuster_001
CLM-000086,POL-000275,"Huang, Dominguez and Rodriguez",General Liability,2024-07-20,Water Damage,Open,28543.92,5659.58,Additional documentation requested from insured regarding Water Damage.,False,False,restricted,fnol_portal,2024-07-20T15:49:58.126452,2024-08-22T15:49:58.126452,claims_manager_001,claims_adjuster_001
CLM-000087,POL-000027,Bryant-Mills,Workers Compensation,2026-04-22,General Liability,Litigation,27738.01,20188.4,Pending supervisor review due to complexity of General Liability claim.,True,False,internal,claims_core_system,2026-04-26T15:49:58.126452,2026-08-10T15:49:58.126452,claims_adjuster_001,claims_adjuster_002
CLM-000088,POL-000193,"Sims, Hicks and Harvey",General Liability,2024-07-05,General Liability,Closed,222175.85,45048.93,Claim file updated after inspection. Current status: Closed.,False,True,internal,claims_core_system,2024-07-13T15:49:58.126452,2024-09-14T15:49:58.126452,claims_adjuster_001,claims_adjuster_002
CLM-000089,POL-000106,Castillo Group,General Liability,2026-02-10,Property Damage,Litigation,495382.64,7185.27,Coverage review in progress. Adjuster evaluating damages related to Property Damage.,True,False,internal,claims_core_system,2026-02-12T15:49:58.126452,2026-04-11T15:49:58.126452,claims_adjuster_001,claims_adjuster_002
CLM-000090,POL-000087,"Bates, Rodriguez and Smith",Workers Compensation,2026-04-28,General Liability,Denied,375549.81,129862.07,Claim file updated after inspection. Current status: Denied.,False,True,internal,fnol_portal,2026-04-28T15:49:58.126452,2026-05-11T15:49:58.126452,claims_adjuster_002,claims_adjuster_001
CLM-000091,POL-000078,"Reyes, Santos and Roberts",Commercial Auto,2024-05-01,General Liability,Litigation,103588.02,55963.62,Initial review completed for General Liability. Claim status is currently Litigation.,True,True,internal,fnol_portal,2024-05-01T15:49:58.126452,2024-06-06T15:49:58.126452,claims_adjuster_002,claims_adjuster_002
CLM-000092,POL-000168,"Cruz, Cameron and Chambers",General Liability,2024-10-16,Fire,Litigation,152455.26,64404.62,Claim file updated after inspection. Current status: Litigation.,True,False,confidential,fnol_portal,2024-10-22T15:49:58.126452,2025-02-17T15:49:58.126452,claims_manager_001,claims_manager_001
CLM-000093,POL-000221,Moody Ltd,Commercial Auto,2024-08-31,Windstorm,Open,49951.46,49313.04,Initial review completed for Windstorm. Claim status is currently Open.,False,False,confidential,claims_core_system,2024-09-07T15:49:58.126452,2024-09-08T15:49:58.126452,claims_adjuster_001,claims_adjuster_002
CLM-000094,POL-000112,Sanchez-Rivera,Commercial Property,2025-05-02,Windstorm,Open,415284.58,241167.34,Initial review completed for Windstorm. Claim status is currently Open.,False,False,restricted,fnol_portal,2025-05-02T15:49:58.126452,2025-05-05T15:49:58.126452,claims_adjuster_001,claims_adjuster_001
CLM-000095,POL-000108,Hurley-Williams,General Liability,2024-03-27,General Liability,Litigation,387640.57,290826.87,Initial review completed for General Liability. Claim status is currently Litigation.,False,False,restricted,claims_core_system,2024-04-01T15:49:58.126452,2024-06-18T15:49:58.126452,claims_manager_001,claims_adjuster_001
CLM-000096,POL-000249,Krueger Ltd,General Liability,2024-07-10,Theft,Pending Documents,204829.03,137454.99,Claim file updated after inspection. Current status: Pending Documents.,False,True,confidential,adjuster_workbench,2024-07-16T15:49:58.126452,2024-08-16T15:49:58.126452,claims_adjuster_001,claims_adjuster_002
CLM-000097,POL-000084,Owen and Sons,Commercial Property,2024-04-09,Workers Compensation,Pending Documents,151045.75,4884.36,Pending supervisor review due to complexity of Workers Compensation claim.,False,True,internal,adjuster_workbench,2024-04-18T15:49:58.126452,2024-04-22T15:49:58.126452,claims_manager_001,claims_adjuster_002
CLM-000098,POL-000265,"Atkinson, Yu and Willis",Commercial Property,2026-02-03,Water Damage,Closed,227637.58,71892.96,Initial review completed for Water Damage. Claim status is currently Closed.,False,True,confidential,claims_core_system,2026-02-08T15:49:58.126452,2026-02-23T15:49:58.126452,claims_adjuster_001,claims_adjuster_002
CLM-000099,POL-000021,Avery and Sons,Commercial Auto,2026-04-29,Water Damage,Pending Documents,366360.9,342588.35,Additional documentation requested from insured regarding Water Damage.,False,True,confidential,fnol_portal,2026-04-30T15:49:58.126452,2026-05-07T15:49:58.126452,claims_adjuster_002,claims_adjuster_001
CLM-000100,POL-000255,Hill Group,Umbrella,2024-03-19,Property Damage,In Review,424501.68,257178.37,Initial review completed for Property Damage. Claim status is currently In Review.,False,False,internal,claims_core_system,2024-03-26T15:49:58.126452,2024-07-13T15:49:58.126452,claims_adjuster_001,claims_manager_001
CLM-000101,POL-000070,"Welch, Larson and Martinez",Workers Compensation,2026-04-27,Windstorm,Litigation,374996.01,345051.48,Initial review completed for Windstorm. Claim status is currently Litigation.,True,True,confidential,claims_core_system,2026-05-05T15:49:58.126452,2026-07-22T15:49:58.126452,claims_adjuster_002,claims_manager_001
CLM-000102,POL-000121,Morrison-Delgado,Commercial Auto,2025-02-04,Hail,Denied,203258.64,46573.36,Initial review completed for Hail. Claim status is currently Denied.,False,True,confidential,fnol_portal,2025-02-08T15:49:58.126452,2025-03-21T15:49:58.126452,claims_adjuster_001,claims_adjuster_001
CLM-000103,POL-000291,Campbell-Johnson,Commercial Property,2025-11-29,Auto Liability,Litigation,468693.31,239316.4,Coverage review in progress. Adjuster evaluating damages related to Auto Liability.,True,False,confidential,fnol_portal,2025-11-29T15:49:58.126452,2026-01-23T15:49:58.126452,claims_manager_001,claims_manager_001
CLM-000104,POL-000098,"Robinson, Gordon and Smith",Commercial Property,2024-09-01,Water Damage,In Review,159929.62,90570.58,Initial review completed for Water Damage. Claim status is currently In Review.,False,False,confidential,claims_core_system,2024-09-01T15:49:58.126452,2024-11-22T15:49:58.126452,claims_manager_001,claims_adjuster_001
CLM-000105,POL-000237,Oconnell-Graham,Commercial Auto,2025-01-13,Windstorm,Open,198475.37,155498.44,Coverage review in progress. Adjuster evaluating damages related to Windstorm.,False,False,internal,adjuster_workbench,2025-01-18T15:49:58.126452,2025-01-23T15:49:58.126452,claims_adjuster_001,claims_adjuster_002
CLM-000106,POL-000281,"Raymond, Peterson and Freeman",Workers Compensation,2024-03-08,Workers Compensation,In Review,338503.21,51568.33,Coverage review in progress. Adjuster evaluating damages related to Workers Compensation.,False,True,restricted,fnol_portal,2024-03-14T15:49:58.126452,2024-03-26T15:49:58.126452,claims_adjuster_001,claims_adjuster_001
CLM-000107,POL-000287,Hernandez PLC,Umbrella,2024-05-16,Auto Liability,Litigation,112129.2,78964.24,Initial review completed for Auto Liability. Claim status is currently Litigation.,True,False,internal,adjuster_workbench,2024-05-18T15:49:58.126452,2024-09-03T15:49:58.126452,claims_adjuster_002,claims_adjuster_002
CLM-000108,POL-000118,Johnson and Sons,Umbrella,2025-10-13,Property Damage,Denied,8567.41,6082.21,Additional documentation requested from insured regarding Property Damage.,False,True,internal,adjuster_workbench,2025-10-17T15:49:58.126452,2025-11-12T15:49:58.126452,claims_adjuster_001,claims_manager_001
CLM-000109,POL-000030,Cruz Group,Workers Compensation,2025-05-14,Theft,Litigation,312828.12,289052.21,Pending supervisor review due to complexity of Theft claim.,False,False,confidential,claims_core_system,2025-05-16T15:49:58.126452,2025-05-29T15:49:58.126452,claims_adjuster_001,claims_manager_001
CLM-000110,POL-000272,"Jones, Mack and Combs",Umbrella,2025-08-26,Theft,Denied,195779.54,101007.56,Pending supervisor review due to complexity of Theft claim.,False,True,internal,fnol_portal,2025-08-29T15:49:58.126452,2025-10-26T15:49:58.126452,claims_adjuster_001,claims_adjuster_001
CLM-000111,POL-000183,Johnson LLC,General Liability,2025-02-24,Workers Compensation,Litigation,300886.41,141317.42,Additional documentation requested from insured regarding Workers Compensation.,True,True,restricted,adjuster_workbench,2025-03-06T15:49:58.129940,2025-03-29T15:49:58.129940,claims_adjuster_001,claims_adjuster_001
CLM-000112,POL-000222,Roberson-Wilson,Commercial Property,2024-11-01,Property Damage,Litigation,324569.42,14958.99,Coverage review in progress. Adjuster evaluating damages related to Property Damage.,False,True,restricted,claims_core_system,2024-11-02T15:49:58.129940,2024-12-13T15:49:58.129940,claims_adjuster_002,claims_adjuster_002
CLM-000113,POL-000176,White-Nguyen,Workers Compensation,2024-08-29,Hail,Pending Documents,350875.46,80205.32,Additional documentation requested from insured regarding Hail.,False,True,restricted,claims_core_system,2024-09-01T15:49:58.129940,2024-12-20T15:49:58.129940,claims_adjuster_002,claims_adjuster_001
CLM-000114,POL-000150,Smith-Gutierrez,Commercial Property,2024-10-07,Water Damage,Litigation,349429.78,65342.61,Coverage review in progress. Adjuster evaluating damages related to Water Damage.,True,False,confidential,claims_core_system,2024-10-17T15:49:58.129940,2024-12-19T15:49:58.129940,claims_adjuster_001,claims_manager_001
CLM-000115,POL-000079,Davis PLC,Umbrella,2025-06-21,Theft,Litigation,123015.44,67937.66,Additional documentation requested from insured regarding Theft.,True,True,internal,fnol_portal,2025-06-26T15:49:58.129940,2025-10-21T15:49:58.129940,claims_manager_001,claims_manager_001
CLM-000116,POL-000300,Sutton and Sons,General Liability,2025-11-29,Auto Liability,Litigation,14352.77,11275.22,Initial review completed for Auto Liability. Claim status is currently Litigation.,False,False,confidential,claims_core_system,2025-12-08T15:49:58.129940,2026-02-02T15:49:58.129940,claims_adjuster_002,claims_adjuster_001
CLM-000117,POL-000160,"Hansen, Morgan and Alvarado",Umbrella,2026-05-03,Workers Compensation,Pending Documents,174451.89,99678.95,Pending supervisor review due to complexity of Workers Compensation claim.,False,False,confidential,adjuster_workbench,2026-05-11T15:49:58.129940,2026-06-23T15:49:58.129940,claims_manager_001,claims_manager_001
CLM-000118,POL-000213,"Salas, Ortiz and Soto",Commercial Auto,2023-12-17,Auto Liability,In Review,317383.0,171715.25,Coverage review in progress. Adjuster evaluating damages related to Auto Liability.,False,False,restricted,claims_core_system,2023-12-18T15:49:58.129940,2024-03-05T15:49:58.129940,claims_adjuster_001,claims_adjuster_002
CLM-000119,POL-000064,"Glass, Lowe and Thompson",Workers Compensation,2025-05-17,Property Damage,Pending Documents,239065.77,143802.79,Additional documentation requested from insured regarding Property Damage.,False,False,restricted,adjuster_workbench,2025-05-19T15:49:58.129940,2025-09-03T15:49:58.129940,claims_adjuster_002,claims_adjuster_002
CLM-000120,POL-000122,"Matthews, Garcia and Harris",General Liability,2025-04-28,Windstorm,In Review,51482.02,30676.97,Coverage review in progress. Adjuster evaluating damages related to Windstorm.,False,True,internal,claims_core_system,2025-05-07T15:49:58.129940,2025-09-03T15:49:58.129940,claims_adjuster_002,claims_adjuster_001
CLM-000121,POL-000044,Wood-Briggs,Commercial Property,2026-02-27,Water Damage,Open,113555.43,24536.65,Additional documentation requested from insured regarding Water Damage.,False,False,confidential,claims_core_system,2026-03-01T15:49:58.129940,2026-05-19T15:49:58.129940,claims_adjuster_002,claims_adjuster_002
CLM-000122,POL-000077,"White, Gay and Spears",Commercial Auto,2024-08-14,Windstorm,Open,63624.98,60905.69,Claim file updated after inspection. Current status: Open.,False,True,restricted,claims_core_system,2024-08-16T15:49:58.129940,2024-09-21T15:49:58.129940,claims_adjuster_001,claims_adjuster_002
CLM-000123,POL-000237,Guzman Group,Commercial Auto,2026-03-20,Water Damage,Litigation,72199.08,29330.8,Pending supervisor review due to complexity of Water Damage claim.,True,False,restricted,fnol_portal,2026-03-26T15:49:58.129940,2026-04-08T15:49:58.129940,claims_adjuster_001,claims_adjuster_001
CLM-000124,POL-000056,Wright-Herman,Commercial Auto,2024-11-28,Windstorm,Denied,182016.08,148909.46,Pending supervisor review due to complexity of Windstorm claim.,False,False,restricted,fnol_portal,2024-11-28T15:49:58.129940,2025-03-26T15:49:58.129940,claims_manager_001,claims_adjuster_001
CLM-000125,POL-000096,"Robinson, Barker and Bowman",Umbrella,2024-08-13,Theft,Closed,245917.63,108966.94,Coverage review in progress. Adjuster evaluating damages related to Theft.,False,True,internal,claims_core_system,2024-08-21T15:49:58.129940,2024-11-15T15:49:58.129940,claims_adjuster_001,claims_adjuster_001
CLM-000126,POL-000018,"Hurley, English and Harrison",Workers Compensation,2024-07-01,Fire,Pending Documents,185450.14,146248.87,Additional documentation requested from insured regarding Fire.,False,False,restricted,fnol_portal,2024-07-05T15:49:58.129940,2024-07-08T15:49:58.129940,claims_manager_001,claims_manager_001
CLM-000127,POL-000089,"Moon, May and Conley",Workers Compensation,2024-05-18,Fire,Denied,286546.17,156234.63,Claim file updated after inspection. Current status: Denied.,False,False,internal,claims_core_system,2024-05-28T15:49:58.129940,2024-07-28T15:49:58.129940,claims_adjuster_001,claims_manager_001
CLM-000128,POL-000022,"Young, Wilson and Walker",Commercial Auto,2023-12-11,Hail,Litigation,318452.65,303245.34,Coverage review in progress. Adjuster evaluating damages related to Hail.,True,False,confidential,claims_core_system,2023-12-21T15:49:58.129940,2023-12-25T15:49:58.129940,claims_adjuster_002,claims_adjuster_001
CLM-000129,POL-000082,Parsons-Santos,Umbrella,2025-11-23,Auto Liability,Pending Documents,446715.2,394069.38,Additional documentation requested from insured regarding Auto Liability.,False,False,confidential,claims_core_system,2025-12-02T15:49:58.129940,2026-01-06T15:49:58.129940,claims_adjuster_002,claims_adjuster_002
CLM-000130,POL-000048,Douglas Ltd,Commercial Auto,2026-02-22,Property Damage,Pending Documents,113330.31,82413.67,Initial review completed for Property Damage. Claim status is currently Pending Documents.,False,True,restricted,fnol_portal,2026-02-24T15:49:58.129940,2026-03-22T15:49:58.129940,claims_manager_001,claims_adjuster_001
CLM-000131,POL-000030,Quinn-Brown,Commercial Property,2024-09-14,Hail,Litigation,315876.02,52471.9,Additional documentation requested from insured regarding Hail.,True,True,restricted,claims_core_system,2024-09-19T15:49:58.129940,2024-10-23T15:49:58.129940,claims_adjuster_002,claims_manager_001
CLM-000132,POL-000272,Irwin Ltd,Commercial Auto,2023-12-28,Property Damage,Pending Documents,472316.0,216339.7,Coverage review in progress. Adjuster evaluating damages related to Property Damage.,False,False,restricted,claims_core_system,2024-01-01T15:49:58.129940,2024-01-30T15:49:58.129940,claims_adjuster_002,claims_adjuster_002
CLM-000133,POL-000031,Brown-Jones,Umbrella,2024-08-08,Hail,Litigation,454274.63,71592.68,Initial review completed for Hail. Claim status is currently Litigation.,True,False,internal,fnol_portal,2024-08-08T15:49:58.129940,2024-10-16T15:49:58.129940,claims_manager_001,claims_adjuster_001
CLM-000134,POL-000065,Stone-Howell,Umbrella,2025-09-17,Property Damage,Litigation,330577.47,261711.89,Initial review completed for Property Damage. Claim status is currently Litigation.,True,True,internal,claims_core_system,2025-09-25T15:49:58.129940,2026-01-06T15:49:58.129940,claims_manager_001,claims_manager_001
CLM-000135,POL-000129,Blair-Lee,Workers Compensation,2025-11-01,Windstorm,In Review,182374.07,93332.77,Claim file updated after inspection. Current status: In Review.,False,False,restricted,adjuster_workbench,2025-11-08T15:49:58.129940,2025-12-16T15:49:58.129940,claims_adjuster_001,claims_adjuster_001
CLM-000136,POL-000102,"Garrison, Pierce and Jones",Commercial Auto,2026-01-30,Fire,Litigation,11958.0,78.61,Additional documentation requested from insured regarding Fire.,False,False,restricted,adjuster_workbench,2026-02-08T15:49:58.129940,2026-04-01T15:49:58.129940,claims_manager_001,claims_manager_001
CLM-000137,POL-000059,Smith Group,Commercial Property,2024-05-07,Theft,Litigation,318097.84,244273.3,Pending supervisor review due to complexity of Theft claim.,True,False,internal,fnol_portal,2024-05-07T15:49:58.129940,2024-07-21T15:49:58.129940,claims_adjuster_002,claims_adjuster_001
CLM-000138,POL-000036,Wilson and Sons,General Liability,2024-08-29,Property Damage,Denied,127775.12,23972.94,Initial review completed for Property Damage. Claim status is currently Denied.,False,True,confidential,fnol_portal,2024-09-06T15:49:58.129940,2024-09-20T15:49:58.129940,claims_adjuster_001,claims_adjuster_002
CLM-000139,POL-000241,Chan Ltd,General Liability,2024-06-08,Theft,In Review,188665.39,39202.03,Initial review completed for Theft. Claim status is currently In Review.,False,True,confidential,adjuster_workbench,2024-06-10T15:49:58.129940,2024-08-01T15:49:58.129940,claims_adjuster_002,claims_manager_001
CLM-000140,POL-000019,"Stokes, Murphy and Bush",Commercial Auto,2025-02-20,Workers Compensation,In Review,94681.0,8191.62,Pending supervisor review due to complexity of Workers Compensation claim.,False,True,confidential,adjuster_workbench,2025-02-23T15:49:58.129940,2025-05-14T15:49:58.129940,claims_adjuster_002,claims_manager_001
CLM-000141,POL-000082,Allen Ltd,General Liability,2025-10-30,Hail,Litigation,210758.66,144483.5,Pending supervisor review due to complexity of Hail claim.,True,False,internal,adjuster_workbench,2025-11-01T15:49:58.133404,2025-12-29T15:49:58.133404,claims_manager_001,claims_manager_001
CLM-000142,POL-000221,"Wilkinson, Richmond and Howard",Umbrella,2025-03-30,General Liability,Pending Documents,358626.11,94921.79,Coverage review in progress. Adjuster evaluating damages related to General Liability.,False,False,restricted,adjuster_workbench,2025-04-02T15:49:58.133404,2025-05-02T15:49:58.133404,claims_adjuster_002,claims_adjuster_001
CLM-000143,POL-000085,"Sawyer, Wu and Brooks",Commercial Property,2026-01-09,Windstorm,Litigation,375942.91,246151.8,Coverage review in progress. Adjuster evaluating damages related to Windstorm.,True,False,internal,claims_core_system,2026-01-09T15:49:58.133404,2026-01-29T15:49:58.133404,claims_adjuster_001,claims_adjuster_001
CLM-000144,POL-000241,Curtis-Harris,General Liability,2025-05-14,Workers Compensation,Litigation,283026.37,118869.0,Pending supervisor review due to complexity of Workers Compensation claim.,True,True,internal,adjuster_workbench,2025-05-17T15:49:58.133404,2025-05-17T15:49:58.133404,claims_adjuster_002,claims_manager_001
CLM-000145,POL-000288,Mccormick and Sons,Umbrella,2024-08-13,Hail,Pending Documents,494719.84,364348.57,Initial review completed for Hail. Claim status is currently Pending Documents.,False,False,restricted,claims_core_system,2024-08-17T15:49:58.133404,2024-10-26T15:49:58.133404,claims_adjuster_002,claims_manager_001
CLM-000146,POL-000164,"Cunningham, Craig and Wang",General Liability,2024-05-25,General Liability,Closed,83848.08,21819.4,Pending supervisor review due to complexity of General Liability claim.,False,False,internal,fnol_portal,2024-06-02T15:49:58.133404,2024-08-10T15:49:58.133404,claims_manager_001,claims_manager_001
CLM-000147,POL-000264,Owen PLC,General Liability,2025-10-05,Hail,In Review,406886.39,73690.52,Additional documentation requested from insured regarding Hail.,False,True,internal,claims_core_system,2025-10-06T15:49:58.133404,2026-01-14T15:49:58.133404,claims_adjuster_002,claims_adjuster_002
CLM-000148,POL-000181,Gray LLC,General Liability,2025-10-09,Auto Liability,Closed,37812.17,1160.32,Pending supervisor review due to complexity of Auto Liability claim.,False,True,restricted,adjuster_workbench,2025-10-18T15:49:58.133404,2025-12-15T15:49:58.133404,claims_adjuster_002,claims_adjuster_002
CLM-000149,POL-000124,"Austin, Rios and Johnson",Umbrella,2024-12-11,Water Damage,Pending Documents,390235.41,136457.71,Coverage review in progress. Adjuster evaluating damages related to Water Damage.,False,False,internal,fnol_portal,2024-12-16T15:49:58.133404,2025-02-17T15:49:58.133404,claims_adjuster_002,claims_manager_001
CLM-000150,POL-000205,Rios-Miller,Commercial Auto,2024-06-25,Workers Compensation,Litigation,373700.03,315332.4,Coverage review in progress. Adjuster evaluating damages related to Workers Compensation.,True,True,internal,fnol_portal,2024-07-01T15:49:58.133404,2024-07-21T15:49:58.133404,claims_adjuster_002,claims_manager_001
CLM-000151,POL-000207,Williams and Sons,Commercial Property,2024-12-04,Property Damage,Litigation,147800.03,74149.64,Coverage review in progress. Adjuster evaluating damages related to Property Damage.,False,False,confidential,fnol_portal,2024-12-11T15:49:58.133404,2024-12-12T15:49:58.133404,claims_adjuster_002,claims_manager_001
CLM-000152,POL-000142,Daniels PLC,Commercial Auto,2024-07-10,Auto Liability,Litigation,421103.26,110070.79,Coverage review in progress. Adjuster evaluating damages related to Auto Liability.,True,True,restricted,fnol_portal,2024-07-19T15:49:58.133404,2024-11-12T15:49:58.133404,claims_adjuster_002,claims_manager_001
CLM-000153,POL-000086,Bush-Williams,Workers Compensation,2026-04-25,Hail,Litigation,425159.49,258283.36,Initial review completed for Hail. Claim status is currently Litigation.,True,False,restricted,fnol_portal,2026-04-28T15:49:58.133404,2026-08-25T15:49:58.133404,claims_adjuster_001,claims_adjuster_001
CLM-000154,POL-000101,Hahn Group,Umbrella,2024-02-06,Auto Liability,Open,53409.2,38239.61,Coverage review in progress. Adjuster evaluating damages related to Auto Liability.,False,True,restricted,fnol_portal,2024-02-11T15:49:58.133404,2024-03-29T15:49:58.133404,claims_manager_001,claims_manager_001
CLM-000155,POL-000058,"Herman, Davis and Hale",General Liability,2025-07-08,Auto Liability,Litigation,454608.41,129799.36,Coverage review in progress. Adjuster evaluating damages related to Auto Liability.,True,True,restricted,claims_core_system,2025-07-13T15:49:58.133404,2025-07-23T15:49:58.133404,claims_manager_001,claims_manager_001
CLM-000156,POL-000063,Williams-Black,General Liability,2024-04-07,Hail,Pending Documents,86853.48,36772.27,Claim file updated after inspection. Current status: Pending Documents.,False,False,internal,claims_core_system,2024-04-13T15:49:58.133404,2024-08-10T15:49:58.133404,claims_adjuster_002,claims_adjuster_002
CLM-000157,POL-000017,Bryant-Stephenson,General Liability,2024-01-24,Windstorm,Litigation,148579.31,35166.67,Coverage review in progress. Adjuster evaluating damages related to Windstorm.,False,False,internal,fnol_portal,2024-01-31T15:49:58.133404,2024-02-07T15:49:58.133404,claims_adjuster_001,claims_adjuster_002
CLM-000158,POL-000194,Smith-Bryan,General Liability,2025-05-23,Workers Compensation,Open,487139.81,391151.66,Additional documentation requested from insured regarding Workers Compensation.,False,True,confidential,claims_core_system,2025-05-28T15:49:58.133404,2025-09-17T15:49:58.133404,claims_adjuster_002,claims_adjuster_001
CLM-000159,POL-000168,Boone and Sons,Workers Compensation,2025-08-02,Workers Compensation,Closed,157378.74,76768.52,Coverage review in progress. Adjuster evaluating damages related to Workers Compensation.,False,False,confidential,claims_core_system,2025-08-05T15:49:58.133404,2025-09-23T15:49:58.133404,claims_manager_001,claims_adjuster_001
CLM-000160,POL-000071,Stewart-Ferguson,Umbrella,2024-04-17,Hail,Pending Documents,410042.64,135031.06,Coverage review in progress. Adjuster evaluating damages related to Hail.,False,True,internal,adjuster_workbench,2024-04-19T15:49:58.133404,2024-06-15T15:49:58.133404,claims_manager_001,claims_adjuster_001
CLM-000161,POL-000109,"Wright, Martin and Moore",General Liability,2024-08-23,Workers Compensation,Denied,385133.41,51903.61,Claim file updated after inspection. Current status: Denied.,False,True,restricted,claims_core_system,2024-08-25T15:49:58.133404,2024-09-05T15:49:58.133404,claims_adjuster_001,claims_adjuster_002
CLM-000162,POL-000130,"Sosa, Berg and Whitaker",General Liability,2025-11-11,Workers Compensation,Litigation,200811.36,114610.63,Initial review completed for Workers Compensation. Claim status is currently Litigation.,True,False,restricted,fnol_portal,2025-11-13T15:49:58.133404,2025-12-19T15:49:58.133404,claims_adjuster_002,claims_adjuster_002
CLM-000163,POL-000070,Meyer Ltd,Workers Compensation,2025-03-12,Theft,Litigation,83390.94,67418.49,Coverage review in progress. Adjuster evaluating damages related to Theft.,True,True,internal,claims_core_system,2025-03-21T15:49:58.133404,2025-07-07T15:49:58.133404,claims_manager_001,claims_adjuster_002
CLM-000164,POL-000291,Clark Ltd,Commercial Property,2025-02-15,Theft,Closed,294419.28,74349.79,Initial review completed for Theft. Claim status is currently Closed.,False,False,confidential,fnol_portal,2025-02-25T15:49:58.133404,2025-04-16T15:49:58.133404,claims_adjuster_001,claims_manager_001
CLM-000165,POL-000251,"Ellison, Hunter and Horton",Workers Compensation,2024-09-11,Fire,In Review,217024.61,186073.08,Pending supervisor review due to complexity of Fire claim.,False,False,confidential,claims_core_system,2024-09-15T15:49:58.133404,2024-11-21T15:49:58.133404,claims_adjuster_002,claims_adjuster_001
CLM-000166,POL-000023,Nelson Inc,Commercial Auto,2024-12-20,Property Damage,Denied,45228.09,31436.39,Initial review completed for Property Damage. Claim status is currently Denied.,False,False,confidential,adjuster_workbench,2024-12-25T15:49:58.133404,2025-01-16T15:49:58.133404,claims_adjuster_002,claims_adjuster_002
CLM-000167,POL-000262,Jackson Ltd,Umbrella,2025-05-01,Workers Compensation,Litigation,82447.79,25091.01,Pending supervisor review due to complexity of Workers Compensation claim.,True,False,restricted,fnol_portal,2025-05-04T15:49:58.133404,2025-06-02T15:49:58.133404,claims_manager_001,claims_adjuster_002
CLM-000168,POL-000180,Miller-Stokes,Workers Compensation,2025-09-29,Theft,Litigation,18712.64,14890.63,Initial review completed for Theft. Claim status is currently Litigation.,True,False,internal,claims_core_system,2025-10-03T15:49:58.133404,2025-11-26T15:49:58.133404,claims_adjuster_002,claims_adjuster_001
CLM-000169,POL-000213,Hayes-Baker,Commercial Auto,2024-02-24,Auto Liability,Closed,24015.85,17769.31,Additional documentation requested from insured regarding Auto Liability.,False,False,restricted,adjuster_workbench,2024-02-28T15:49:58.133404,2024-03-06T15:49:58.133404,claims_adjuster_001,claims_adjuster_001
CLM-000170,POL-000162,Guerrero PLC,Commercial Property,2024-12-30,Hail,Closed,398126.26,72572.53,Additional documentation requested from insured regarding Hail.,False,True,internal,fnol_portal,2025-01-06T15:49:58.133404,2025-01-09T15:49:58.133404,claims_adjuster_002,claims_manager_001
CLM-000171,POL-000272,Santos-Miller,Umbrella,2023-12-24,Water Damage,Open,471714.01,21981.18,Coverage review in progress. Adjuster evaluating damages related to Water Damage.,False,False,internal,claims_core_system,2023-12-24T15:49:58.133404,2024-04-10T15:49:58.133404,claims_adjuster_001,claims_manager_001
CLM-000172,POL-000227,Smith-Floyd,Commercial Property,2026-02-07,Hail,In Review,402843.61,320237.58,Pending supervisor review due to complexity of Hail claim.,False,True,internal,adjuster_workbench,2026-02-14T15:49:58.133404,2026-05-29T15:49:58.133404,claims_adjuster_001,claims_adjuster_001
CLM-000173,POL-000173,"Burton, Medina and Jordan",Workers Compensation,2024-04-19,Property Damage,Open,71114.98,66079.17,Coverage review in progress. Adjuster evaluating damages related to Property Damage.,False,False,confidential,adjuster_workbench,2024-04-29T15:49:58.136877,2024-07-13T15:49:58.136877,claims_adjuster_001,claims_adjuster_002
CLM-000174,POL-000055,Williams Inc,Umbrella,2025-11-13,Workers Compensation,Litigation,127705.37,69095.68,Additional documentation requested from insured regarding Workers Compensation.,True,False,confidential,fnol_portal,2025-11-17T15:49:58.136877,2026-01-11T15:49:58.136877,claims_adjuster_001,claims_adjuster_001
CLM-000175,POL-000247,"Morton, Garcia and Flynn",Umbrella,2025-08-29,General Liability,Litigation,399722.98,36207.02,Coverage review in progress. Adjuster evaluating damages related to General Liability.,False,True,confidential,fnol_portal,2025-09-01T15:49:58.136877,2025-09-24T15:49:58.136877,claims_adjuster_002,claims_adjuster_002
CLM-000176,POL-000056,"Palmer, Bailey and Melton",General Liability,2024-04-03,Theft,Open,219223.48,180199.48,Initial review completed for Theft. Claim status is currently Open.,False,True,restricted,claims_core_system,2024-04-07T15:49:58.136877,2024-07-15T15:49:58.136877,claims_manager_001,claims_manager_001
CLM-000177,POL-000048,"Stein, Brewer and Jones",Workers Compensation,2024-10-17,Property Damage,Denied,104445.69,24527.1,Additional documentation requested from insured regarding Property Damage.,False,True,restricted,adjuster_workbench,2024-10-18T15:49:58.137481,2024-12-11T15:49:58.137481,claims_adjuster_002,claims_adjuster_001
CLM-000178,POL-000227,"Martin, Luna and Mcclain",Umbrella,2024-07-16,Water Damage,Pending Documents,388033.59,188490.75,Additional documentation requested from insured regarding Water Damage.,False,False,confidential,adjuster_workbench,2024-07-19T15:49:58.137481,2024-10-09T15:49:58.137481,claims_adjuster_002,claims_adjuster_001
CLM-000179,POL-000160,Brown PLC,Commercial Property,2025-09-27,Windstorm,Open,347588.95,73515.4,Initial review completed for Windstorm. Claim status is currently Open.,False,False,confidential,adjuster_workbench,2025-09-28T15:49:58.138487,2025-11-18T15:49:58.138487,claims_adjuster_002,claims_adjuster_002
CLM-000180,POL-000208,Johnson-Brown,Commercial Property,2024-08-20,Auto Liability,Denied,148702.61,30367.76,Claim file updated after inspection. Current status: Denied.,False,False,internal,fnol_portal,2024-08-25T15:49:58.138487,2024-11-11T15:49:58.138487,claims_adjuster_001,claims_adjuster_001
CLM-000181,POL-000277,"Crawford, Perkins and Kennedy",Umbrella,2024-07-05,General Liability,Litigation,419990.72,113467.91,Pending supervisor review due to complexity of General Liability claim.,False,False,confidential,adjuster_workbench,2024-07-07T15:49:58.138487,2024-08-05T15:49:58.138487,claims_adjuster_002,claims_adjuster_001
CLM-000182,POL-000270,Sanders Ltd,General Liability,2025-01-19,Auto Liability,Litigation,277489.8,236971.58,Coverage review in progress. Adjuster evaluating damages related to Auto Liability.,False,False,internal,fnol_portal,2025-01-24T15:49:58.138487,2025-03-08T15:49:58.138487,claims_adjuster_002,claims_manager_001
CLM-000183,POL-000296,Wright-Espinoza,Commercial Property,2026-03-11,General Liability,In Review,71880.48,69176.89,Claim file updated after inspection. Current status: In Review.,False,False,restricted,claims_core_system,2026-03-17T15:49:58.138487,2026-07-13T15:49:58.138487,claims_adjuster_002,claims_adjuster_001
CLM-000184,POL-000178,Griffin-Page,Umbrella,2026-03-18,Water Damage,Litigation,80698.41,24597.76,Initial review completed for Water Damage. Claim status is currently Litigation.,True,True,internal,adjuster_workbench,2026-03-26T15:49:58.138487,2026-05-24T15:49:58.138487,claims_manager_001,claims_adjuster_002
CLM-000185,POL-000114,Green and Sons,Commercial Property,2024-03-21,Windstorm,In Review,468377.44,302332.16,Initial review completed for Windstorm. Claim status is currently In Review.,False,False,internal,fnol_portal,2024-03-30T15:49:58.138487,2024-04-15T15:49:58.138487,claims_adjuster_001,claims_adjuster_001
CLM-000186,POL-000271,"Everett, Hughes and Jones",Commercial Property,2026-01-29,Fire,Litigation,327950.52,41103.93,Initial review completed for Fire. Claim status is currently Litigation.,True,True,restricted,fnol_portal,2026-01-30T15:49:58.138487,2026-05-12T15:49:58.138487,claims_adjuster_002,claims_adjuster_001
CLM-000187,POL-000200,Lang Ltd,Commercial Property,2025-11-02,Workers Compensation,Denied,419144.3,342588.28,Additional documentation requested from insured regarding Workers Compensation.,False,False,internal,adjuster_workbench,2025-11-12T15:49:58.138487,2026-02-15T15:49:58.138487,claims_manager_001,claims_adjuster_001
CLM-000188,POL-000298,Hanson PLC,General Liability,2025-03-16,Hail,Open,196705.32,183927.56,Coverage review in progress. Adjuster evaluating damages related to Hail.,False,True,restricted,fnol_portal,2025-03-21T15:49:58.138487,2025-05-21T15:49:58.138487,claims_adjuster_001,claims_adjuster_002
CLM-000189,POL-000008,"Phillips, Williams and Hampton",Workers Compensation,2025-09-15,Theft,Pending Documents,33326.05,7622.6,Claim file updated after inspection. Current status: Pending Documents.,False,True,internal,adjuster_workbench,2025-09-15T15:49:58.138487,2025-12-25T15:49:58.138487,claims_manager_001,claims_adjuster_002
CLM-000190,POL-000216,"Watson, Mcgee and Johnson",Commercial Property,2025-12-31,Theft,In Review,122508.26,57572.02,Claim file updated after inspection. Current status: In Review.,False,False,restricted,fnol_portal,2025-12-31T15:49:58.138487,2026-02-28T15:49:58.138487,claims_adjuster_001,claims_adjuster_001
CLM-000191,POL-000096,Decker-Ward,Workers Compensation,2025-10-04,General Liability,Denied,192214.95,77130.55,Initial review completed for General Liability. Claim status is currently Denied.,False,True,confidential,claims_core_system,2025-10-11T15:49:58.138487,2026-02-01T15:49:58.138487,claims_manager_001,claims_adjuster_002
CLM-000192,POL-000061,Davis Ltd,Workers Compensation,2026-04-26,Fire,Litigation,89899.0,65249.93,Initial review completed for Fire. Claim status is currently Litigation.,True,False,restricted,claims_core_system,2026-05-03T15:49:58.138487,2026-06-09T15:49:58.138487,claims_adjuster_001,claims_adjuster_001
CLM-000193,POL-000075,Sullivan-Browning,Commercial Property,2024-04-18,Theft,In Review,161156.96,144413.98,Additional documentation requested from insured regarding Theft.,False,False,restricted,adjuster_workbench,2024-04-22T15:49:58.138487,2024-05-04T15:49:58.138487,claims_manager_001,claims_adjuster_001
CLM-000194,POL-000073,Walsh Inc,General Liability,2025-07-12,Workers Compensation,Litigation,242141.61,213915.96,Additional documentation requested from insured regarding Workers Compensation.,True,False,restricted,fnol_portal,2025-07-16T15:49:58.138487,2025-09-09T15:49:58.138487,claims_adjuster_002,claims_adjuster_001
CLM-000195,POL-000046,Wilkinson Group,Umbrella,2025-01-26,Water Damage,Litigation,462467.66,300636.16,Coverage review in progress. Adjuster evaluating damages related to Water Damage.,False,False,confidential,claims_core_system,2025-01-26T15:49:58.138487,2025-03-21T15:49:58.138487,claims_adjuster_001,claims_manager_001
CLM-000196,POL-000276,"Williams, Cross and Brady",General Liability,2025-09-27,Theft,Denied,62038.66,9733.81,Initial review completed for Theft. Claim status is currently Denied.,False,False,confidential,claims_core_system,2025-09-27T15:49:58.138487,2025-10-09T15:49:58.138487,claims_adjuster_001,claims_adjuster_001
CLM-000197,POL-000138,Andrews-Mcintyre,Commercial Auto,2025-06-17,Workers Compensation,Litigation,354994.62,90860.57,Claim file updated after inspection. Current status: Litigation.,True,False,internal,fnol_portal,2025-06-24T15:49:58.138487,2025-10-19T15:49:58.138487,claims_adjuster_002,claims_adjuster_001
CLM-000198,POL-000187,Patterson Group,General Liability,2025-05-01,Windstorm,In Review,484369.93,198528.3,Coverage review in progress. Adjuster evaluating damages related to Windstorm.,False,False,confidential,claims_core_system,2025-05-07T15:49:58.138487,2025-08-08T15:49:58.138487,claims_manager_001,claims_manager_001
CLM-000199,POL-000151,Lane PLC,Workers Compensation,2024-11-17,Hail,Litigation,321130.2,159987.69,Pending supervisor review due to complexity of Hail claim.,False,True,confidential,claims_core_system,2024-11-22T15:49:58.138487,2025-02-27T15:49:58.138487,claims_adjuster_002,claims_adjuster_001
CLM-000200,POL-000272,"Valencia, Perkins and Frazier",General Liability,2026-04-08,Fire,Closed,5402.16,528.73,Initial review completed for Fire. Claim status is currently Closed.,False,True,confidential,fnol_portal,2026-04-09T15:49:58.138487,2026-04-09T15:49:58.138487,claims_adjuster_002,claims_adjuster_001
CLM-000201,POL-000164,Nelson Ltd,Umbrella,2024-03-22,Hail,Litigation,195060.41,160352.04,Claim file updated after inspection. Current status: Litigation.,True,False,restricted,adjuster_workbench,2024-03-23T15:49:58.138487,2024-07-16T15:49:58.138487,claims_manager_001,claims_adjuster_002
CLM-000202,POL-000045,Williams-Soto,Commercial Property,2025-03-18,Windstorm,Litigation,15225.42,14011.44,Additional documentation requested from insured regarding Windstorm.,False,False,internal,claims_core_system,2025-03-18T15:49:58.138487,2025-04-30T15:49:58.138487,claims_manager_001,claims_manager_001
CLM-000203,POL-000264,"Carrillo, Farrell and Anderson",Commercial Auto,2025-09-30,Property Damage,Litigation,386187.51,336637.28,Pending supervisor review due to complexity of Property Damage claim.,True,False,confidential,fnol_portal,2025-10-07T15:49:58.138487,2025-12-15T15:49:58.138487,claims_manager_001,claims_adjuster_002
CLM-000204,POL-000294,Hodges-Clay,Commercial Auto,2025-06-22,Hail,Open,338561.25,143183.15,Additional documentation requested from insured regarding Hail.,False,False,restricted,adjuster_workbench,2025-06-30T15:49:58.138487,2025-09-06T15:49:58.138487,claims_manager_001,claims_manager_001
CLM-000205,POL-000126,Arnold-Johnson,Commercial Property,2024-03-07,Hail,Litigation,116078.41,1087.14,Initial review completed for Hail. Claim status is currently Litigation.,False,False,internal,fnol_portal,2024-03-09T15:49:58.138487,2024-05-09T15:49:58.138487,claims_adjuster_002,claims_manager_001
CLM-000206,POL-000105,"Chen, Patterson and Romero",Umbrella,2025-06-24,General Liability,Litigation,206201.2,96500.69,Pending supervisor review due to complexity of General Liability claim.,False,False,restricted,fnol_portal,2025-06-24T15:49:58.138487,2025-08-01T15:49:58.138487,claims_adjuster_002,claims_adjuster_001
CLM-000207,POL-000160,"Aguirre, Young and Black",Workers Compensation,2025-08-21,Theft,Litigation,433440.39,286974.35,Claim file updated after inspection. Current status: Litigation.,False,False,internal,claims_core_system,2025-08-28T15:49:58.138487,2025-11-04T15:49:58.138487,claims_adjuster_002,claims_adjuster_002
CLM-000208,POL-000045,"Perkins, Brooks and Moore",Commercial Auto,2024-05-18,Workers Compensation,Litigation,426117.32,383582.82,Pending supervisor review due to complexity of Workers Compensation claim.,True,False,internal,claims_core_system,2024-05-20T15:49:58.138487,2024-07-21T15:49:58.138487,claims_manager_001,claims_manager_001
CLM-000209,POL-000187,"Rose, Stuart and Lynch",Commercial Property,2025-05-07,Property Damage,Litigation,319395.7,251162.68,Pending supervisor review due to complexity of Property Damage claim.,False,False,restricted,adjuster_workbench,2025-05-16T15:49:58.138487,2025-06-27T15:49:58.138487,claims_manager_001,claims_manager_001
CLM-000210,POL-000146,Foster-Gross,General Liability,2024-12-25,Workers Compensation,In Review,471638.94,427572.5,Claim file updated after inspection. Current status: In Review.,False,False,restricted,fnol_portal,2025-01-04T15:49:58.138487,2025-03-13T15:49:58.138487,claims_adjuster_001,claims_manager_001
CLM-000211,POL-000116,Castillo-Crawford,Workers Compensation,2024-06-03,Fire,Litigation,451699.13,349124.91,Claim file updated after inspection. Current status: Litigation.,True,False,restricted,adjuster_workbench,2024-06-05T15:49:58.138487,2024-06-16T15:49:58.138487,claims_adjuster_002,claims_adjuster_002
CLM-000212,POL-000132,Cannon LLC,Commercial Auto,2023-12-21,Hail,Denied,416028.96,121008.03,Initial review completed for Hail. Claim status is currently Denied.,False,True,confidential,fnol_portal,2023-12-29T15:49:58.138487,2024-02-22T15:49:58.138487,claims_adjuster_001,claims_adjuster_002
CLM-000213,POL-000031,Alexander-Davis,Commercial Property,2026-01-02,General Liability,Litigation,430615.25,362355.34,Initial review completed for General Liability. Claim status is currently Litigation.,True,False,restricted,fnol_portal,2026-01-09T15:49:58.138487,2026-04-06T15:49:58.138487,claims_adjuster_001,claims_manager_001
CLM-000214,POL-000154,Schaefer Ltd,Commercial Property,2026-02-08,Theft,Closed,107209.83,7231.64,Initial review completed for Theft. Claim status is currently Closed.,False,False,restricted,claims_core_system,2026-02-17T15:49:58.138487,2026-06-02T15:49:58.138487,claims_manager_001,claims_adjuster_001
CLM-000215,POL-000230,"Snyder, Taylor and Jones",Workers Compensation,2026-02-09,Hail,In Review,72601.36,34712.12,Pending supervisor review due to complexity of Hail claim.,False,False,restricted,fnol_portal,2026-02-18T15:49:58.138487,2026-05-08T15:49:58.138487,claims_adjuster_002,claims_manager_001
CLM-000216,POL-000124,"Elliott, Vasquez and Johnson",Umbrella,2024-01-03,General Liability,Litigation,375986.57,26365.38,Initial review completed for General Liability. Claim status is currently Litigation.,True,True,restricted,fnol_portal,2024-01-06T15:49:58.138487,2024-03-27T15:49:58.138487,claims_adjuster_001,claims_adjuster_001
CLM-000217,POL-000147,"Escobar, Baker and Kirby",Commercial Property,2024-10-09,Fire,Litigation,385355.39,293530.79,Pending supervisor review due to complexity of Fire claim.,True,False,confidential,claims_core_system,2024-10-17T15:49:58.138487,2025-01-18T15:49:58.138487,claims_manager_001,claims_adjuster_001
CLM-000218,POL-000287,Mora Group,Umbrella,2024-10-31,Auto Liability,In Review,254639.17,10925.34,Claim file updated after inspection. Current status: In Review.,False,False,confidential,claims_core_system,2024-11-01T15:49:58.138487,2025-02-10T15:49:58.138487,claims_adjuster_002,claims_manager_001
CLM-000219,POL-000188,Taylor-Sparks,Commercial Auto,2026-01-31,Property Damage,Litigation,200239.66,100486.19,Coverage review in progress. Adjuster evaluating damages related to Property Damage.,False,False,restricted,fnol_portal,2026-02-05T15:49:58.138487,2026-05-05T15:49:58.138487,claims_manager_001,claims_adjuster_002
CLM-000220,POL-000121,Thomas-Clayton,Umbrella,2025-10-22,Auto Liability,Open,486239.08,426132.36,Claim file updated after inspection. Current status: Open.,False,False,confidential,adjuster_workbench,2025-10-24T15:49:58.138487,2025-12-01T15:49:58.138487,claims_adjuster_001,claims_adjuster_001
CLM-000221,POL-000178,"Avila, Kennedy and Smith",Commercial Auto,2025-03-06,Hail,In Review,25908.41,17861.73,Claim file updated after inspection. Current status: In Review.,False,False,restricted,adjuster_workbench,2025-03-15T15:49:58.138487,2025-04-06T15:49:58.138487,claims_adjuster_002,claims_adjuster_002
CLM-000222,POL-000197,Bowen-Garcia,Commercial Auto,2025-08-13,Fire,Closed,89226.96,59339.08,Coverage review in progress. Adjuster evaluating damages related to Fire.,False,True,confidential,claims_core_system,2025-08-22T15:49:58.138487,2025-10-07T15:49:58.138487,claims_manager_001,claims_adjuster_001
CLM-000223,POL-000277,Ruiz and Sons,Umbrella,2025-06-08,Workers Compensation,Litigation,273368.95,136971.25,Initial review completed for Workers Compensation. Claim status is currently Litigation.,True,True,internal,adjuster_workbench,2025-06-17T15:49:58.138487,2025-08-02T15:49:58.138487,claims_manager_001,claims_adjuster_002
CLM-000224,POL-000214,Smith-Cervantes,Workers Compensation,2024-03-09,Fire,Open,204527.42,143556.91,Pending supervisor review due to complexity of Fire claim.,False,False,confidential,adjuster_workbench,2024-03-12T15:49:58.138487,2024-05-31T15:49:58.138487,claims_manager_001,claims_adjuster_002
CLM-000225,POL-000253,"Joseph, Adams and Brown",General Liability,2024-04-09,Hail,Litigation,207404.01,190219.16,Pending supervisor review due to complexity of Hail claim.,True,True,confidential,claims_core_system,2024-04-15T15:49:58.138487,2024-06-21T15:49:58.138487,claims_adjuster_002,claims_adjuster_001
CLM-000226,POL-000058,West Inc,Commercial Auto,2024-01-05,General Liability,Litigation,250804.54,21588.09,Pending supervisor review due to complexity of General Liability claim.,False,True,internal,fnol_portal,2024-01-14T15:49:58.143877,2024-01-14T15:49:58.143877,claims_adjuster_001,claims_adjuster_001
CLM-000227,POL-000099,Kane-Leonard,Commercial Property,2025-04-05,Auto Liability,Open,389675.44,69628.31,Coverage review in progress. Adjuster evaluating damages related to Auto Liability.,False,False,confidential,claims_core_system,2025-04-06T15:49:58.143877,2025-04-27T15:49:58.143877,claims_adjuster_002,claims_manager_001
CLM-000228,POL-000158,Price-Jackson,Workers Compensation,2024-05-27,General Liability,In Review,380287.31,32151.59,Initial review completed for General Liability. Claim status is currently In Review.,False,False,confidential,adjuster_workbench,2024-05-31T15:49:58.143877,2024-08-19T15:49:58.143877,claims_manager_001,claims_adjuster_002
CLM-000229,POL-000187,Lewis Group,Commercial Property,2023-12-03,General Liability,Open,55662.14,11067.55,Initial review completed for General Liability. Claim status is currently Open.,False,True,internal,claims_core_system,2023-12-13T15:49:58.143877,2024-01-26T15:49:58.143877,claims_adjuster_001,claims_adjuster_001
CLM-000230,POL-000046,Valentine-Morrison,Umbrella,2024-10-01,Auto Liability,In Review,495184.02,62461.9,Additional documentation requested from insured regarding Auto Liability.,False,False,restricted,fnol_portal,2024-10-09T15:49:58.143877,2024-12-16T15:49:58.143877,claims_adjuster_002,claims_adjuster_001
CLM-000231,POL-000206,Diaz LLC,Commercial Auto,2025-06-08,Workers Compensation,Closed,305359.06,58324.61,Claim file updated after inspection. Current status: Closed.,False,True,restricted,fnol_portal,2025-06-14T15:49:58.143877,2025-09-25T15:49:58.143877,claims_adjuster_002,claims_manager_001
CLM-000232,POL-000217,"Perez, Dyer and Carter",Umbrella,2024-04-23,Workers Compensation,Litigation,164373.38,122625.33,Pending supervisor review due to complexity of Workers Compensation claim.,True,True,confidential,claims_core_system,2024-05-02T15:49:58.143877,2024-08-21T15:49:58.143877,claims_adjuster_002,claims_manager_001
CLM-000233,POL-000286,"Adams, Singleton and Davis",Commercial Property,2025-04-08,Auto Liability,Denied,226832.46,211253.31,Pending supervisor review due to complexity of Auto Liability claim.,False,False,restricted,claims_core_system,2025-04-09T15:49:58.143877,2025-07-14T15:49:58.143877,claims_adjuster_002,claims_adjuster_001
CLM-000234,POL-000159,Webb Inc,Umbrella,2025-05-05,Windstorm,Litigation,363809.03,38094.33,Claim file updated after inspection. Current status: Litigation.,True,True,restricted,claims_core_system,2025-05-06T15:49:58.143877,2025-08-01T15:49:58.143877,claims_manager_001,claims_adjuster_002
CLM-000235,POL-000166,Reid-Robinson,General Liability,2024-01-05,Fire,Litigation,253079.88,116863.19,Additional documentation requested from insured regarding Fire.,True,False,confidential,fnol_portal,2024-01-10T15:49:58.143877,2024-02-13T15:49:58.143877,claims_manager_001,claims_adjuster_002
CLM-000236,POL-000247,Ruiz Group,Umbrella,2024-08-30,Theft,In Review,35671.93,29066.28,Pending supervisor review due to complexity of Theft claim.,False,False,restricted,fnol_portal,2024-09-02T15:49:58.143877,2024-10-23T15:49:58.143877,claims_adjuster_002,claims_manager_001
CLM-000237,POL-000077,Turner Inc,Umbrella,2026-02-24,Windstorm,Pending Documents,478845.45,406559.92,Coverage review in progress. Adjuster evaluating damages related to Windstorm.,False,False,internal,fnol_portal,2026-02-28T15:49:58.143877,2026-05-12T15:49:58.143877,claims_manager_001,claims_adjuster_002
CLM-000238,POL-000234,Williams PLC,Umbrella,2025-10-16,Property Damage,Open,242241.16,161313.5,Pending supervisor review due to complexity of Property Damage claim.,False,False,restricted,fnol_portal,2025-10-24T15:49:58.143877,2025-11-08T15:49:58.143877,claims_manager_001,claims_manager_001
CLM-000239,POL-000269,Rivera Group,Commercial Property,2026-02-20,Property Damage,Open,484945.12,316024.65,Pending supervisor review due to complexity of Property Damage claim.,False,False,internal,adjuster_workbench,2026-03-01T15:49:58.143877,2026-06-04T15:49:58.143877,claims_manager_001,claims_manager_001
CLM-000240,POL-000115,Schultz Inc,Umbrella,2025-01-22,Fire,Litigation,121624.56,94715.66,Pending supervisor review due to complexity of Fire claim.,True,False,internal,adjuster_workbench,2025-01-29T15:49:58.143877,2025-05-17T15:49:58.143877,claims_manager_001,claims_adjuster_001
CLM-000241,POL-000030,"Simmons, Sosa and Jimenez",Workers Compensation,2025-08-28,General Liability,Pending Documents,492556.98,330325.22,Pending supervisor review due to complexity of General Liability claim.,False,True,restricted,adjuster_workbench,2025-09-01T15:49:58.143877,2025-12-24T15:49:58.143877,claims_adjuster_001,claims_manager_001
CLM-000242,POL-000128,"Wilson, Moore and Martinez",General Liability,2024-11-19,General Liability,Denied,289607.08,271870.32,Pending supervisor review due to complexity of General Liability claim.,False,True,internal,adjuster_workbench,2024-11-19T15:49:58.143877,2025-01-04T15:49:58.143877,claims_adjuster_002,claims_manager_001
CLM-000243,POL-000251,"Kramer, Williams and Arroyo",Workers Compensation,2025-04-05,Auto Liability,Closed,339852.3,31162.87,Initial review completed for Auto Liability. Claim status is currently Closed.,False,True,restricted,claims_core_system,2025-04-13T15:49:58.143877,2025-06-25T15:49:58.143877,claims_adjuster_002,claims_adjuster_001
CLM-000244,POL-000259,Davis LLC,Workers Compensation,2025-12-03,Fire,In Review,349021.58,64025.9,Pending supervisor review due to complexity of Fire claim.,False,False,confidential,adjuster_workbench,2025-12-11T15:49:58.143877,2026-01-01T15:49:58.143877,claims_adjuster_001,claims_adjuster_001
CLM-000245,POL-000007,King-Hess,General Liability,2024-05-04,Auto Liability,In Review,327119.13,155421.66,Pending supervisor review due to complexity of Auto Liability claim.,False,False,confidential,claims_core_system,2024-05-08T15:49:58.143877,2024-06-04T15:49:58.143877,claims_manager_001,claims_manager_001
CLM-000246,POL-000032,"Martin, Taylor and Wood",Commercial Property,2026-03-09,General Liability,Closed,174104.47,134806.58,Initial review completed for General Liability. Claim status is currently Closed.,False,False,internal,fnol_portal,2026-03-18T15:49:58.143877,2026-04-15T15:49:58.143877,claims_manager_001,claims_manager_001
CLM-000247,POL-000038,Barnes-Shaw,Umbrella,2025-12-02,Property Damage,Litigation,180111.86,123979.26,Pending supervisor review due to complexity of Property Damage claim.,True,False,internal,adjuster_workbench,2025-12-05T15:49:58.143877,2026-02-27T15:49:58.143877,claims_adjuster_001,claims_manager_001
CLM-000248,POL-000100,"Allen, Powell and Bradford",Workers Compensation,2024-07-01,Workers Compensation,Litigation,289142.93,95516.26,Initial review completed for Workers Compensation. Claim status is currently Litigation.,True,True,confidential,adjuster_workbench,2024-07-07T15:49:58.143877,2024-08-13T15:49:58.143877,claims_manager_001,claims_adjuster_002
CLM-000249,POL-000156,"Sims, Meyer and Patterson",Commercial Property,2026-05-01,Workers Compensation,Open,278170.73,141055.18,Additional documentation requested from insured regarding Workers Compensation.,False,False,confidential,adjuster_workbench,2026-05-09T15:49:58.143877,2026-09-03T15:49:58.143877,claims_manager_001,claims_manager_001
CLM-000250,POL-000035,"Cook, Roberts and Petersen",Commercial Auto,2026-05-01,Hail,In Review,57633.64,10009.46,Claim file updated after inspection. Current status: In Review.,False,True,restricted,fnol_portal,2026-05-08T15:49:58.143877,2026-06-22T15:49:58.143877,claims_manager_001,claims_manager_001
CLM-000251,POL-000208,Hayes and Sons,Commercial Property,2024-11-08,Water Damage,Litigation,465819.0,378574.9,Additional documentation requested from insured regarding Water Damage.,True,False,restricted,adjuster_workbench,2024-11-14T15:49:58.143877,2025-03-01T15:49:58.143877,claims_manager_001,claims_adjuster_002
CLM-000252,POL-000243,Garcia PLC,Commercial Auto,2025-05-02,Workers Compensation,Litigation,393173.81,67296.45,Additional documentation requested from insured regarding Workers Compensation.,True,False,restricted,adjuster_workbench,2025-05-02T15:49:58.143877,2025-07-03T15:49:58.143877,claims_adjuster_001,claims_adjuster_002
CLM-000253,POL-000060,"Bradley, Church and Andrews",Workers Compensation,2026-03-28,Workers Compensation,In Review,474294.47,366772.55,Claim file updated after inspection. Current status: In Review.,False,False,internal,adjuster_workbench,2026-04-02T15:49:58.143877,2026-04-13T15:49:58.143877,claims_manager_001,claims_adjuster_002
CLM-000254,POL-000136,Chen Inc,Commercial Property,2025-02-14,General Liability,Denied,320169.83,307210.71,Coverage review in progress. Adjuster evaluating damages related to General Liability.,False,True,restricted,claims_core_system,2025-02-21T15:49:58.143877,2025-03-31T15:49:58.143877,claims_manager_001,claims_adjuster_002
CLM-000255,POL-000110,Brown Group,Workers Compensation,2025-02-02,General Liability,Litigation,330312.39,12593.76,Initial review completed for General Liability. Claim status is currently Litigation.,True,False,confidential,fnol_portal,2025-02-12T15:49:58.143877,2025-03-01T15:49:58.143877,claims_adjuster_001,claims_adjuster_002
CLM-000256,POL-000073,Moon PLC,Commercial Auto,2025-06-28,General Liability,Litigation,460861.12,197119.23,Claim file updated after inspection. Current status: Litigation.,True,True,internal,fnol_portal,2025-07-08T15:49:58.143877,2025-10-19T15:49:58.143877,claims_adjuster_002,claims_adjuster_001
CLM-000257,POL-000111,"Perez, Skinner and Smith",Commercial Auto,2024-12-31,Theft,Litigation,442054.86,293594.6,Additional documentation requested from insured regarding Theft.,False,True,internal,claims_core_system,2025-01-01T15:49:58.143877,2025-01-14T15:49:58.143877,claims_adjuster_001,claims_manager_001
CLM-000258,POL-000271,Hamilton-Valentine,Commercial Property,2024-09-11,Water Damage,Pending Documents,418057.01,399032.02,Initial review completed for Water Damage. Claim status is currently Pending Documents.,False,True,confidential,fnol_portal,2024-09-14T15:49:58.147343,2024-11-25T15:49:58.147343,claims_manager_001,claims_adjuster_002
CLM-000259,POL-000196,Miller-Martinez,Umbrella,2024-11-22,Hail,Litigation,86900.22,7920.56,Initial review completed for Hail. Claim status is currently Litigation.,False,False,internal,claims_core_system,2024-12-01T15:49:58.147343,2025-03-16T15:49:58.147343,claims_manager_001,claims_manager_001
CLM-000260,POL-000293,"Cunningham, Young and Howell",Umbrella,2024-10-18,Theft,Litigation,143641.04,11238.3,Pending supervisor review due to complexity of Theft claim.,True,False,confidential,fnol_portal,2024-10-20T15:49:58.147343,2024-12-22T15:49:58.147343,claims_manager_001,claims_adjuster_002
CLM-000261,POL-000135,Jones PLC,Umbrella,2025-03-30,Windstorm,Litigation,55195.42,19580.82,Initial review completed for Windstorm. Claim status is currently Litigation.,False,False,confidential,claims_core_system,2025-04-09T15:49:58.147343,2025-07-27T15:49:58.147343,claims_manager_001,claims_manager_001
CLM-000262,POL-000124,Roberts-Cannon,General Liability,2024-05-01,Water Damage,Litigation,162014.75,112819.43,Coverage review in progress. Adjuster evaluating damages related to Water Damage.,True,False,internal,fnol_portal,2024-05-10T15:49:58.147343,2024-06-12T15:49:58.147343,claims_manager_001,claims_manager_001
CLM-000263,POL-000213,Hart-Smith,Commercial Property,2024-10-21,Property Damage,In Review,324595.74,195353.2,Pending supervisor review due to complexity of Property Damage claim.,False,False,internal,fnol_portal,2024-10-30T15:49:58.147343,2024-12-14T15:49:58.147343,claims_manager_001,claims_adjuster_002
CLM-000264,POL-000232,"Walker, Wolfe and Martin",Commercial Property,2025-04-28,General Liability,Litigation,430902.47,298659.68,Claim file updated after inspection. Current status: Litigation.,True,True,confidential,adjuster_workbench,2025-05-02T15:49:58.147343,2025-07-31T15:49:58.147343,claims_adjuster_002,claims_adjuster_002
CLM-000265,POL-000290,Turner-Lewis,Umbrella,2025-07-08,Hail,In Review,328759.32,273431.5,Additional documentation requested from insured regarding Hail.,False,True,confidential,fnol_portal,2025-07-18T15:49:58.147343,2025-10-02T15:49:58.147343,claims_adjuster_002,claims_manager_001
CLM-000266,POL-000201,"Ford, Martin and King",Commercial Auto,2025-10-12,Property Damage,Denied,372756.01,219201.21,Pending supervisor review due to complexity of Property Damage claim.,False,True,internal,claims_core_system,2025-10-21T15:49:58.147343,2025-12-01T15:49:58.147343,claims_manager_001,claims_manager_001
CLM-000267,POL-000013,"Henry, Harris and Acevedo",Commercial Property,2024-07-07,Property Damage,In Review,127964.09,121938.68,Pending supervisor review due to complexity of Property Damage claim.,False,False,restricted,adjuster_workbench,2024-07-17T15:49:58.147343,2024-07-29T15:49:58.147343,claims_adjuster_001,claims_adjuster_001
CLM-000268,POL-000101,Harris PLC,Umbrella,2024-04-14,Hail,Litigation,100561.25,61869.35,Coverage review in progress. Adjuster evaluating damages related to Hail.,True,False,internal,claims_core_system,2024-04-18T15:49:58.147343,2024-06-19T15:49:58.147343,claims_adjuster_001,claims_adjuster_002
CLM-000269,POL-000279,Phillips PLC,Umbrella,2024-01-23,Fire,Pending Documents,414108.39,208441.11,Coverage review in progress. Adjuster evaluating damages related to Fire.,False,True,internal,fnol_portal,2024-01-26T15:49:58.147343,2024-03-20T15:49:58.147343,claims_adjuster_002,claims_adjuster_001
CLM-000270,POL-000117,Mullins-Baker,Umbrella,2025-12-22,Workers Compensation,Litigation,437347.05,41401.29,Coverage review in progress. Adjuster evaluating damages related to Workers Compensation.,False,False,restricted,claims_core_system,2026-01-01T15:49:58.147343,2026-02-24T15:49:58.147343,claims_adjuster_002,claims_adjuster_001
CLM-000271,POL-000222,Miller PLC,Commercial Auto,2025-02-23,Water Damage,Closed,230135.8,92214.59,Coverage review in progress. Adjuster evaluating damages related to Water Damage.,False,False,confidential,claims_core_system,2025-02-27T15:49:58.147343,2025-04-09T15:49:58.147343,claims_manager_001,claims_adjuster_001
CLM-000272,POL-000280,Kim-Clark,General Liability,2024-02-07,Fire,Pending Documents,273193.67,150275.56,Coverage review in progress. Adjuster evaluating damages related to Fire.,False,True,confidential,adjuster_workbench,2024-02-10T15:49:58.147343,2024-04-20T15:49:58.147343,claims_adjuster_001,claims_adjuster_002
CLM-000273,POL-000171,Lucas and Sons,Workers Compensation,2023-12-12,Windstorm,Pending Documents,154875.41,116075.36,Initial review completed for Windstorm. Claim status is currently Pending Documents.,False,False,confidential,fnol_portal,2023-12-19T15:49:58.147343,2024-03-06T15:49:58.147343,claims_manager_001,claims_adjuster_002
CLM-000274,POL-000270,"Dixon, Sandoval and Chambers",Umbrella,2025-03-27,Water Damage,Pending Documents,76880.29,2402.42,Additional documentation requested from insured regarding Water Damage.,False,False,restricted,claims_core_system,2025-03-31T15:49:58.147343,2025-04-25T15:49:58.147343,claims_manager_001,claims_manager_001
CLM-000275,POL-000164,"Estrada, Perry and Gonzalez",Umbrella,2025-01-13,Theft,Pending Documents,286659.37,15869.44,Coverage review in progress. Adjuster evaluating damages related to Theft.,False,True,internal,fnol_portal,2025-01-22T15:49:58.147343,2025-03-31T15:49:58.147343,claims_manager_001,claims_adjuster_002
CLM-000276,POL-000173,Morales-Thompson,Workers Compensation,2024-07-18,Windstorm,In Review,258043.48,214224.32,Additional documentation requested from insured regarding Windstorm.,False,False,internal,adjuster_workbench,2024-07-19T15:49:58.147343,2024-08-25T15:49:58.147343,claims_adjuster_001,claims_manager_001
CLM-000277,POL-000011,Daniels Inc,Commercial Auto,2025-02-23,Water Damage,Litigation,297469.76,110293.02,Pending supervisor review due to complexity of Water Damage claim.,False,False,confidential,adjuster_workbench,2025-02-24T15:49:58.147343,2025-04-26T15:49:58.147343,claims_adjuster_001,claims_adjuster_002
CLM-000278,POL-000292,Hardy Group,General Liability,2024-06-25,Fire,Pending Documents,208714.28,40249.27,Additional documentation requested from insured regarding Fire.,False,False,confidential,fnol_portal,2024-07-03T15:49:58.147343,2024-08-16T15:49:58.147343,claims_manager_001,claims_adjuster_001
CLM-000279,POL-000143,White-Mcintosh,Commercial Auto,2024-03-26,Theft,Pending Documents,334661.9,211027.25,Pending supervisor review due to complexity of Theft claim.,False,False,confidential,fnol_portal,2024-04-02T15:49:58.147343,2024-06-05T15:49:58.147343,claims_adjuster_001,claims_adjuster_001
CLM-000280,POL-000143,Rodriguez Inc,Commercial Property,2025-01-17,Windstorm,Closed,336628.67,228993.88,Additional documentation requested from insured regarding Windstorm.,False,False,restricted,claims_core_system,2025-01-24T15:49:58.147343,2025-04-07T15:49:58.147343,claims_adjuster_001,claims_adjuster_002
CLM-000281,POL-000082,"Perez, Clark and Smith",Commercial Property,2024-12-22,Fire,Closed,197009.34,89102.5,Initial review completed for Fire. Claim status is currently Closed.,False,False,confidential,adjuster_workbench,2024-12-29T15:49:58.147343,2025-04-17T15:49:58.147343,claims_adjuster_002,claims_adjuster_002
CLM-000282,POL-000279,Bowen Ltd,Commercial Auto,2024-08-23,Theft,Closed,14918.98,5080.69,Initial review completed for Theft. Claim status is currently Closed.,False,False,internal,adjuster_workbench,2024-09-02T15:49:58.147343,2024-12-03T15:49:58.147343,claims_adjuster_001,claims_adjuster_001
CLM-000283,POL-000029,Owens Group,Commercial Property,2024-10-12,Water Damage,Litigation,496350.58,268789.52,Initial review completed for Water Damage. Claim status is currently Litigation.,False,True,internal,claims_core_system,2024-10-17T15:49:58.147343,2024-12-07T15:49:58.147343,claims_adjuster_002,claims_manager_001
CLM-000284,POL-000164,Dominguez-Johnson,General Liability,2025-02-08,Theft,Litigation,412252.6,204629.84,Initial review completed for Theft. Claim status is currently Litigation.,True,False,restricted,adjuster_workbench,2025-02-18T15:49:58.147343,2025-03-31T15:49:58.147343,claims_adjuster_001,claims_adjuster_002
CLM-000285,POL-000156,Little Group,Commercial Property,2025-03-20,Fire,Closed,432579.21,121928.15,Claim file updated after inspection. Current status: Closed.,False,True,confidential,adjuster_workbench,2025-03-28T15:49:58.147343,2025-06-03T15:49:58.147343,claims_adjuster_002,claims_manager_001
CLM-000286,POL-000209,"Ibarra, Harper and Matthews",Workers Compensation,2025-11-26,Theft,Litigation,92034.08,40720.55,Additional documentation requested from insured regarding Theft.,True,False,confidential,claims_core_system,2025-11-26T15:49:58.147343,2026-02-11T15:49:58.147343,claims_adjuster_001,claims_adjuster_001
CLM-000287,POL-000245,"Waller, Gilbert and Campbell",Workers Compensation,2024-03-07,Windstorm,Litigation,258960.96,225028.8,Additional documentation requested from insured regarding Windstorm.,True,False,internal,claims_core_system,2024-03-10T15:49:58.147343,2024-03-19T15:49:58.147343,claims_manager_001,claims_adjuster_002
CLM-000288,POL-000253,Browning-Cannon,Workers Compensation,2024-08-03,Auto Liability,Denied,245963.85,239736.29,Coverage review in progress. Adjuster evaluating damages related to Auto Liability.,False,True,restricted,fnol_portal,2024-08-07T15:49:58.147343,2024-11-18T15:49:58.147343,claims_adjuster_002,claims_adjuster_001
CLM-000289,POL-000032,Anderson and Sons,Commercial Property,2025-05-17,Theft,Litigation,491904.46,113224.45,Initial review completed for Theft. Claim status is currently Litigation.,False,False,internal,fnol_portal,2025-05-19T15:49:58.147343,2025-07-24T15:49:58.147343,claims_adjuster_001,claims_manager_001
CLM-000290,POL-000245,Rose Ltd,Workers Compensation,2025-02-11,Water Damage,Litigation,169895.35,96668.82,Pending supervisor review due to complexity of Water Damage claim.,True,False,restricted,claims_core_system,2025-02-20T15:49:58.147343,2025-03-06T15:49:58.147343,claims_manager_001,claims_manager_001
CLM-000291,POL-000009,Salas and Sons,Umbrella,2025-06-28,Theft,Pending Documents,96631.41,71971.06,Pending supervisor review due to complexity of Theft claim.,False,False,confidential,claims_core_system,2025-07-08T15:49:58.147343,2025-08-02T15:49:58.147343,claims_adjuster_001,claims_adjuster_002
CLM-000292,POL-000056,Perez Group,Workers Compensation,2024-01-11,Hail,Litigation,35509.46,3917.28,Pending supervisor review due to complexity of Hail claim.,True,True,restricted,fnol_portal,2024-01-21T15:49:58.147343,2024-04-25T15:49:58.147343,claims_manager_001,claims_adjuster_001
CLM-000293,POL-000127,Banks Ltd,Umbrella,2025-04-07,Theft,Open,393079.72,248184.32,Coverage review in progress. Adjuster evaluating damages related to Theft.,False,True,confidential,adjuster_workbench,2025-04-11T15:49:58.147343,2025-05-08T15:49:58.147343,claims_manager_001,claims_adjuster_001
CLM-000294,POL-000278,Jefferson-Charles,General Liability,2024-10-07,Water Damage,Litigation,53672.85,3518.31,Pending supervisor review due to complexity of Water Damage claim.,True,True,confidential,adjuster_workbench,2024-10-12T15:49:58.147343,2025-01-24T15:49:58.147343,claims_adjuster_001,claims_adjuster_002
CLM-000295,POL-000238,Buchanan Inc,Workers Compensation,2024-02-08,Auto Liability,Pending Documents,210903.01,28054.33,Claim file updated after inspection. Current status: Pending Documents.,False,False,restricted,adjuster_workbench,2024-02-16T15:49:58.147343,2024-04-15T15:49:58.147343,claims_adjuster_001,claims_adjuster_001
CLM-000296,POL-000128,"Williams, Delacruz and Bradshaw",General Liability,2025-06-12,Fire,Denied,345307.39,290975.39,Pending supervisor review due to complexity of Fire claim.,False,True,restricted,fnol_portal,2025-06-17T15:49:58.147343,2025-08-06T15:49:58.147343,claims_manager_001,claims_adjuster_001
CLM-000297,POL-000104,Gregory-Peterson,Commercial Property,2025-04-29,Water Damage,Open,130304.44,97317.19,Initial review completed for Water Damage. Claim status is currently Open.,False,False,internal,adjuster_workbench,2025-04-29T15:49:58.147343,2025-07-10T15:49:58.147343,claims_manager_001,claims_adjuster_002
CLM-000298,POL-000151,Mejia-Bell,Umbrella,2025-03-31,Windstorm,Pending Documents,404061.98,113449.15,Coverage review in progress. Adjuster evaluating damages related to Windstorm.,False,False,confidential,fnol_portal,2025-04-10T15:49:58.147343,2025-04-15T15:49:58.147343,claims_manager_001,claims_manager_001
CLM-000299,POL-000050,Jones Ltd,Umbrella,2025-06-13,Theft,Litigation,21162.62,6938.86,Additional documentation requested from insured regarding Theft.,False,True,internal,claims_core_system,2025-06-23T15:49:58.147343,2025-09-08T15:49:58.147343,claims_adjuster_001,claims_adjuster_001
CLM-000300,POL-000125,Green-Garrett,Commercial Auto,2025-11-06,Fire,Litigation,27608.4,19357.55,Coverage review in progress. Adjuster evaluating damages related to Fire.,True,False,internal,fnol_portal,2025-11-16T15:49:58.147343,2025-12-03T15:49:58.147343,claims_adjuster_001,claims_manager_001
CLM-000301,POL-000287,Costa-Frederick,General Liability,2026-03-26,Fire,Open,99425.3,65248.86,Additional documentation requested from insured regarding Fire.,False,False,internal,claims_core_system,2026-03-30T15:49:58.147343,2026-06-04T15:49:58.147343,claims_manager_001,claims_adjuster_001
CLM-000302,POL-000208,"Phillips, Wheeler and Yang",Umbrella,2025-03-26,Windstorm,Litigation,121714.58,50585.46,Claim file updated after inspection. Current status: Litigation.,False,True,confidential,fnol_portal,2025-04-04T15:49:58.147343,2025-07-27T15:49:58.147343,claims_manager_001,claims_manager_001
CLM-000303,POL-000293,Shaw-Miranda,Workers Compensation,2024-02-01,Workers Compensation,Litigation,55540.06,52116.11,Additional documentation requested from insured regarding Workers Compensation.,True,False,restricted,claims_core_system,2024-02-06T15:49:58.147343,2024-04-02T15:49:58.147343,claims_adjuster_002,claims_adjuster_002
CLM-000304,POL-000032,"Mccall, West and Reyes",Commercial Auto,2025-05-17,Fire,Open,93694.3,67092.71,Initial review completed for Fire. Claim status is currently Open.,False,True,confidential,adjuster_workbench,2025-05-20T15:49:58.147343,2025-07-20T15:49:58.147343,claims_adjuster_001,claims_manager_001
CLM-000305,POL-000242,"Garza, Gonzalez and Sherman",General Liability,2024-03-05,Workers Compensation,Litigation,237808.32,15449.66,Coverage review in progress. Adjuster evaluating damages related to Workers Compensation.,True,False,confidential,fnol_portal,2024-03-14T15:49:58.147343,2024-05-20T15:49:58.147343,claims_adjuster_002,claims_manager_001
CLM-000306,POL-000034,Medina-Murphy,Workers Compensation,2024-04-25,Fire,Pending Documents,256136.84,173676.52,Claim file updated after inspection. Current status: Pending Documents.,False,False,confidential,adjuster_workbench,2024-05-02T15:49:58.147343,2024-07-16T15:49:58.147343,claims_adjuster_002,claims_adjuster_001
CLM-000307,POL-000076,Johnson-Marks,General Liability,2025-06-01,General Liability,In Review,41719.05,10163.26,Coverage review in progress. Adjuster evaluating damages related to General Liability.,False,False,confidential,adjuster_workbench,2025-06-05T15:49:58.147343,2025-09-11T15:49:58.147343,claims_adjuster_001,claims_manager_001
CLM-000308,POL-000259,Novak-Martin,Umbrella,2024-09-11,Water Damage,In Review,453052.63,210784.44,Coverage review in progress. Adjuster evaluating damages related to Water Damage.,False,False,confidential,fnol_portal,2024-09-12T15:49:58.147343,2024-09-26T15:49:58.147343,claims_adjuster_001,claims_adjuster_001
CLM-000309,POL-000057,Baker-Newman,Commercial Property,2025-08-31,Hail,Litigation,423356.09,128036.7,Additional documentation requested from insured regarding Hail.,True,False,internal,fnol_portal,2025-09-02T15:49:58.147343,2025-11-30T15:49:58.147343,claims_adjuster_002,claims_adjuster_001
CLM-000310,POL-000233,Farrell-Clayton,General Liability,2024-01-06,Hail,Litigation,196663.22,176838.85,Coverage review in progress. Adjuster evaluating damages related to Hail.,True,False,internal,claims_core_system,2024-01-10T15:49:58.147343,2024-02-18T15:49:58.147343,claims_adjuster_002,claims_adjuster_001
CLM-000311,POL-000190,Richards-Duncan,Workers Compensation,2024-06-21,General Liability,Open,64029.93,35673.48,Initial review completed for General Liability. Claim status is currently Open.,False,True,confidential,adjuster_workbench,2024-06-27T15:49:58.147343,2024-08-18T15:49:58.147343,claims_manager_001,claims_manager_001
CLM-000312,POL-000009,"Koch, Foster and Hernandez",Commercial Property,2025-03-13,Theft,Open,203415.08,136271.17,Pending supervisor review due to complexity of Theft claim.,False,False,restricted,fnol_portal,2025-03-17T15:49:58.147343,2025-06-08T15:49:58.147343,claims_manager_001,claims_manager_001
CLM-000313,POL-000116,"Nielsen, Carey and Williams",General Liability,2024-04-07,Windstorm,Pending Documents,409688.78,373758.79,Additional documentation requested from insured regarding Windstorm.,False,True,restricted,adjuster_workbench,2024-04-16T15:49:58.147343,2024-06-25T15:49:58.147343,claims_manager_001,claims_adjuster_002
CLM-000314,POL-000218,Scott LLC,General Liability,2025-10-24,Theft,Litigation,327178.41,267412.67,Coverage review in progress. Adjuster evaluating damages related to Theft.,True,True,restricted,claims_core_system,2025-10-24T15:49:58.147343,2025-12-29T15:49:58.147343,claims_adjuster_002,claims_adjuster_002
CLM-000315,POL-000129,Graves LLC,General Liability,2024-10-19,Water Damage,Litigation,302883.04,255867.65,Pending supervisor review due to complexity of Water Damage claim.,True,False,restricted,adjuster_workbench,2024-10-22T15:49:58.147343,2025-01-08T15:49:58.147343,claims_adjuster_001,claims_manager_001
CLM-000316,POL-000031,"Williams, Richards and Olson",Commercial Auto,2025-06-30,Theft,Closed,357260.38,259939.94,Coverage review in progress. Adjuster evaluating damages related to Theft.,False,False,restricted,adjuster_workbench,2025-07-05T15:49:58.147343,2025-07-24T15:49:58.147343,claims_adjuster_001,claims_adjuster_001
CLM-000317,POL-000074,"Lawrence, Bell and Garcia",Umbrella,2025-01-29,Auto Liability,Denied,174825.54,172586.53,Additional documentation requested from insured regarding Auto Liability.,False,True,confidential,adjuster_workbench,2025-02-02T15:49:58.153927,2025-05-12T15:49:58.153927,claims_adjuster_002,claims_manager_001
CLM-000318,POL-000213,Jennings Inc,Commercial Property,2025-03-14,Auto Liability,Pending Documents,455242.49,33811.93,Claim file updated after inspection. Current status: Pending Documents.,False,True,confidential,claims_core_system,2025-03-19T15:49:58.154284,2025-06-27T15:49:58.154284,claims_manager_001,claims_adjuster_002
CLM-000319,POL-000085,"Wright, Miller and Lee",Workers Compensation,2026-01-29,Water Damage,Litigation,200617.52,34500.97,Pending supervisor review due to complexity of Water Damage claim.,False,False,confidential,adjuster_workbench,2026-02-01T15:49:58.154284,2026-04-18T15:49:58.154284,claims_adjuster_001,claims_manager_001
CLM-000320,POL-000184,Lang Ltd,General Liability,2025-06-13,Water Damage,Litigation,110901.43,89219.05,Claim file updated after inspection. Current status: Litigation.,True,False,restricted,adjuster_workbench,2025-06-16T15:49:58.154284,2025-07-02T15:49:58.154284,claims_adjuster_001,claims_adjuster_002
CLM-000321,POL-000165,Sanders-Blackburn,Workers Compensation,2024-06-15,Windstorm,Open,345702.43,239867.68,Pending supervisor review due to complexity of Windstorm claim.,False,False,confidential,claims_core_system,2024-06-19T15:49:58.154284,2024-08-01T15:49:58.154284,claims_manager_001,claims_adjuster_002
CLM-000322,POL-000138,Nguyen-Pratt,Commercial Property,2024-01-28,Water Damage,In Review,270162.24,39944.25,Pending supervisor review due to complexity of Water Damage claim.,False,False,confidential,claims_core_system,2024-02-04T15:49:58.154284,2024-02-13T15:49:58.154284,claims_manager_001,claims_adjuster_002
CLM-000323,POL-000001,Sharp-Cruz,Umbrella,2024-01-23,Water Damage,Litigation,390066.99,243374.65,Coverage review in progress. Adjuster evaluating damages related to Water Damage.,True,False,internal,fnol_portal,2024-01-26T15:49:58.154284,2024-03-17T15:49:58.154284,claims_adjuster_002,claims_adjuster_001
CLM-000324,POL-000160,Madden Ltd,General Liability,2024-03-07,Auto Liability,Litigation,457845.13,345623.21,Initial review completed for Auto Liability. Claim status is currently Litigation.,True,False,internal,adjuster_workbench,2024-03-13T15:49:58.154284,2024-03-13T15:49:58.154284,claims_adjuster_001,claims_manager_001
CLM-000325,POL-000134,Wright Ltd,General Liability,2024-03-09,Workers Compensation,Closed,430190.14,235420.21,Claim file updated after inspection. Current status: Closed.,False,True,confidential,claims_core_system,2024-03-14T15:49:58.155283,2024-06-15T15:49:58.155283,claims_manager_001,claims_adjuster_002
CLM-000326,POL-000033,Jackson-Brown,Umbrella,2025-02-27,Fire,Litigation,327667.11,279046.59,Pending supervisor review due to complexity of Fire claim.,True,False,confidential,adjuster_workbench,2025-03-04T15:49:58.155283,2025-05-27T15:49:58.155283,claims_manager_001,claims_adjuster_002
CLM-000327,POL-000184,Herrera PLC,Umbrella,2026-05-05,Theft,In Review,460206.28,22602.94,Claim file updated after inspection. Current status: In Review.,False,False,confidential,claims_core_system,2026-05-07T15:49:58.155283,2026-06-01T15:49:58.155283,claims_manager_001,claims_adjuster_002
CLM-000328,POL-000255,Potter-White,Commercial Property,2023-11-27,Water Damage,In Review,39078.39,16715.51,Coverage review in progress. Adjuster evaluating damages related to Water Damage.,False,False,restricted,fnol_portal,2023-12-07T15:49:58.155283,2023-12-29T15:49:58.155283,claims_adjuster_002,claims_adjuster_001
CLM-000329,POL-000011,Adkins-Robertson,Umbrella,2024-09-21,Fire,Litigation,24021.31,7818.29,Initial review completed for Fire. Claim status is currently Litigation.,False,False,internal,fnol_portal,2024-09-27T15:49:58.155283,2025-01-12T15:49:58.155283,claims_manager_001,claims_adjuster_002
CLM-000330,POL-000286,"David, Duncan and Ross",Commercial Property,2023-11-26,Fire,Closed,383370.78,63304.2,Coverage review in progress. Adjuster evaluating damages related to Fire.,False,False,internal,adjuster_workbench,2023-12-02T15:49:58.155283,2024-02-17T15:49:58.155283,claims_manager_001,claims_adjuster_002
CLM-000331,POL-000062,"James, Hunter and Ayala",Commercial Property,2025-11-24,Fire,Closed,118758.91,86258.39,Pending supervisor review due to complexity of Fire claim.,False,False,restricted,fnol_portal,2025-11-25T15:49:58.156283,2026-02-18T15:49:58.156283,claims_adjuster_002,claims_adjuster_002
CLM-000332,POL-000032,"Randolph, Love and Acevedo",Commercial Property,2026-03-31,Property Damage,Pending Documents,84598.79,63149.48,Additional documentation requested from insured regarding Property Damage.,False,False,restricted,claims_core_system,2026-04-02T15:49:58.156283,2026-07-24T15:49:58.156283,claims_adjuster_001,claims_manager_001
CLM-000333,POL-000015,"Jones, Neal and Jones",Commercial Property,2025-02-17,Windstorm,Open,166139.43,28145.2,Additional documentation requested from insured regarding Windstorm.,False,True,restricted,fnol_portal,2025-02-25T15:49:58.156283,2025-06-09T15:49:58.156283,claims_adjuster_001,claims_adjuster_002
CLM-000334,POL-000262,Lewis Inc,Commercial Auto,2024-08-22,Fire,Open,350694.27,320395.85,Pending supervisor review due to complexity of Fire claim.,False,False,restricted,adjuster_workbench,2024-08-25T15:49:58.156283,2024-09-13T15:49:58.156283,claims_adjuster_002,claims_adjuster_002
CLM-000335,POL-000183,Tanner PLC,General Liability,2026-03-22,Water Damage,Closed,488980.04,66686.12,Pending supervisor review due to complexity of Water Damage claim.,False,False,restricted,claims_core_system,2026-03-27T15:49:58.156283,2026-06-20T15:49:58.156283,claims_manager_001,claims_manager_001
CLM-000336,POL-000130,Cummings-Farley,Umbrella,2025-12-13,Hail,Litigation,180580.85,179447.11,Coverage review in progress. Adjuster evaluating damages related to Hail.,False,False,confidential,claims_core_system,2025-12-14T15:49:58.156283,2026-03-11T15:49:58.156283,claims_manager_001,claims_adjuster_002
CLM-000337,POL-000036,"Mclaughlin, Perry and Burns",Commercial Property,2026-03-05,Workers Compensation,Litigation,92419.47,91909.95,Pending supervisor review due to complexity of Workers Compensation claim.,True,True,confidential,claims_core_system,2026-03-09T15:49:58.156283,2026-04-03T15:49:58.156283,claims_adjuster_002,claims_manager_001
CLM-000338,POL-000078,Brown Ltd,Workers Compensation,2024-08-03,Auto Liability,Open,481619.01,345526.48,Coverage review in progress. Adjuster evaluating damages related to Auto Liability.,False,True,internal,claims_core_system,2024-08-06T15:49:58.156283,2024-10-19T15:49:58.156283,claims_adjuster_001,claims_adjuster_001
CLM-000339,POL-000178,Martin-Cunningham,Umbrella,2024-10-11,Hail,Closed,362468.35,355817.67,Pending supervisor review due to complexity of Hail claim.,False,False,restricted,claims_core_system,2024-10-13T15:49:58.156283,2024-10-14T15:49:58.156283,claims_manager_001,claims_manager_001
CLM-000340,POL-000063,Drake-Mathis,Umbrella,2025-06-13,General Liability,Denied,421445.62,34995.87,Coverage review in progress. Adjuster evaluating damages related to General Liability.,False,True,restricted,claims_core_system,2025-06-18T15:49:58.156283,2025-08-14T15:49:58.156283,claims_manager_001,claims_adjuster_001
CLM-000341,POL-000211,Douglas PLC,Commercial Auto,2025-05-30,Hail,Litigation,138593.81,36391.61,Initial review completed for Hail. Claim status is currently Litigation.,True,False,internal,adjuster_workbench,2025-06-01T15:49:58.156283,2025-06-18T15:49:58.156283,claims_adjuster_001,claims_adjuster_002
CLM-000342,POL-000258,"Ritter, Flowers and Reynolds",Commercial Auto,2025-03-12,Auto Liability,Litigation,271039.46,169393.22,Initial review completed for Auto Liability. Claim status is currently Litigation.,False,False,restricted,claims_core_system,2025-03-20T15:49:58.156283,2025-04-18T15:49:58.156283,claims_adjuster_001,claims_adjuster_002
CLM-000343,POL-000177,Nichols Group,Commercial Property,2026-02-01,Theft,Litigation,252707.71,126888.72,Additional documentation requested from insured regarding Theft.,False,False,restricted,claims_core_system,2026-02-02T15:49:58.156283,2026-04-08T15:49:58.156283,claims_adjuster_001,claims_manager_001
CLM-000344,POL-000260,Collier-Haynes,Umbrella,2025-03-16,Fire,Closed,372936.63,109925.22,Initial review completed for Fire. Claim status is currently Closed.,False,False,confidential,fnol_portal,2025-03-22T15:49:58.156283,2025-05-05T15:49:58.156283,claims_manager_001,claims_adjuster_002
CLM-000345,POL-000170,Miller-Weiss,Commercial Auto,2025-07-09,Windstorm,Denied,111101.33,97442.38,Claim file updated after inspection. Current status: Denied.,False,True,restricted,adjuster_workbench,2025-07-10T15:49:58.156283,2025-09-26T15:49:58.156283,claims_manager_001,claims_manager_001
CLM-000346,POL-000083,"Charles, Benson and Baxter",Umbrella,2025-11-04,Hail,Litigation,228905.97,69469.46,Additional documentation requested from insured regarding Hail.,True,True,restricted,claims_core_system,2025-11-14T15:49:58.156283,2026-03-04T15:49:58.156283,claims_adjuster_002,claims_manager_001
CLM-000347,POL-000271,Williamson Ltd,Workers Compensation,2025-01-09,Property Damage,Denied,198919.7,131969.53,Claim file updated after inspection. Current status: Denied.,False,False,confidential,adjuster_workbench,2025-01-12T15:49:58.156283,2025-01-16T15:49:58.156283,claims_manager_001,claims_manager_001
CLM-000348,POL-000290,Parks Group,Umbrella,2025-12-17,Property Damage,Open,376186.72,129873.35,Pending supervisor review due to complexity of Property Damage claim.,False,True,internal,fnol_portal,2025-12-19T15:49:58.156283,2025-12-20T15:49:58.156283,claims_manager_001,claims_manager_001
CLM-000349,POL-000209,"Tapia, Mcguire and Moore",Commercial Auto,2024-05-12,Fire,Litigation,435089.99,228984.48,Claim file updated after inspection. Current status: Litigation.,False,True,internal,claims_core_system,2024-05-20T15:49:58.156283,2024-08-26T15:49:58.156283,claims_manager_001,claims_adjuster_001
CLM-000350,POL-000044,Olson-Wood,General Liability,2026-04-12,Theft,Denied,366411.77,317705.56,Initial review completed for Theft. Claim status is currently Denied.,False,True,restricted,adjuster_workbench,2026-04-21T15:49:58.156283,2026-07-05T15:49:58.156283,claims_manager_001,claims_manager_001
CLM-000351,POL-000032,Lopez Inc,Umbrella,2024-12-27,Water Damage,Litigation,198746.84,195032.68,Claim file updated after inspection. Current status: Litigation.,True,False,internal,fnol_portal,2024-12-29T15:49:58.156283,2025-02-20T15:49:58.156283,claims_adjuster_002,claims_adjuster_002
CLM-000352,POL-000033,Dominguez-Bennett,Commercial Auto,2024-09-03,Hail,Open,144976.63,31170.76,Pending supervisor review due to complexity of Hail claim.,False,True,confidential,adjuster_workbench,2024-09-12T15:49:58.156283,2024-11-01T15:49:58.156283,claims_adjuster_001,claims_manager_001
CLM-000353,POL-000051,"Moss, Wilson and Powers",General Liability,2024-05-02,Windstorm,Denied,498737.19,196855.35,Additional documentation requested from insured regarding Windstorm.,False,False,internal,adjuster_workbench,2024-05-06T15:49:58.156283,2024-08-25T15:49:58.156283,claims_adjuster_002,claims_adjuster_002
CLM-000354,POL-000031,Vasquez PLC,Umbrella,2025-07-19,Property Damage,Litigation,394790.2,152317.79,Claim file updated after inspection. Current status: Litigation.,True,True,restricted,claims_core_system,2025-07-29T15:49:58.156283,2025-11-15T15:49:58.156283,claims_manager_001,claims_manager_001
CLM-000355,POL-000125,"Scott, Perez and Benjamin",General Liability,2024-01-10,Theft,Litigation,150039.86,107661.62,Pending supervisor review due to complexity of Theft claim.,True,False,restricted,adjuster_workbench,2024-01-18T15:49:58.156283,2024-04-02T15:49:58.156283,claims_adjuster_002,claims_manager_001
CLM-000356,POL-000163,Sparks-Salinas,Commercial Property,2025-04-10,Windstorm,Denied,387017.45,221650.39,Initial review completed for Windstorm. Claim status is currently Denied.,False,True,confidential,fnol_portal,2025-04-16T15:49:58.156283,2025-07-05T15:49:58.156283,claims_adjuster_001,claims_adjuster_001
CLM-000357,POL-000098,"Rodriguez, Jones and Vazquez",Commercial Auto,2026-03-01,Water Damage,Litigation,180895.4,9027.16,Additional documentation requested from insured regarding Water Damage.,False,False,internal,fnol_portal,2026-03-06T15:49:58.156283,2026-04-26T15:49:58.156283,claims_manager_001,claims_adjuster_002
CLM-000358,POL-000073,Boyd-Larson,General Liability,2024-12-16,Theft,Litigation,120516.74,12398.4,Pending supervisor review due to complexity of Theft claim.,True,True,restricted,adjuster_workbench,2024-12-18T15:49:58.156283,2025-01-28T15:49:58.156283,claims_manager_001,claims_adjuster_002
CLM-000359,POL-000267,Chen Ltd,Umbrella,2024-01-10,Windstorm,Pending Documents,220392.2,50841.68,Initial review completed for Windstorm. Claim status is currently Pending Documents.,False,False,confidential,fnol_portal,2024-01-14T15:49:58.156283,2024-02-29T15:49:58.156283,claims_manager_001,claims_adjuster_002
CLM-000360,POL-000200,"Mcclure, Davis and Oliver",General Liability,2026-02-18,Water Damage,Closed,328711.84,199231.43,Initial review completed for Water Damage. Claim status is currently Closed.,False,True,confidential,adjuster_workbench,2026-02-18T15:49:58.156283,2026-05-02T15:49:58.156283,claims_adjuster_001,claims_adjuster_001
CLM-000361,POL-000024,Lowe Group,General Liability,2024-05-18,Fire,Pending Documents,65245.82,992.25,Additional documentation requested from insured regarding Fire.,False,False,internal,claims_core_system,2024-05-22T15:49:58.156283,2024-09-03T15:49:58.156283,claims_adjuster_002,claims_adjuster_002
CLM-000362,POL-000068,"Wolfe, Kelly and Cline",Commercial Property,2025-01-04,Hail,Closed,389771.33,84830.28,Initial review completed for Hail. Claim status is currently Closed.,False,False,confidential,claims_core_system,2025-01-14T15:49:58.156283,2025-01-26T15:49:58.156283,claims_adjuster_001,claims_adjuster_002
CLM-000363,POL-000057,Ryan-Wise,Commercial Property,2026-03-07,General Liability,Open,128322.26,37650.56,Initial review completed for General Liability. Claim status is currently Open.,False,True,internal,adjuster_workbench,2026-03-15T15:49:58.156283,2026-03-24T15:49:58.156283,claims_adjuster_002,claims_adjuster_002
CLM-000364,POL-000230,"Peterson, Brown and Wade",Umbrella,2024-04-13,Theft,Open,241515.66,209438.29,Pending supervisor review due to complexity of Theft claim.,False,True,confidential,fnol_portal,2024-04-19T15:49:58.156283,2024-08-13T15:49:58.156283,claims_adjuster_001,claims_adjuster_001
CLM-000365,POL-000133,Evans-Lloyd,Umbrella,2025-03-24,Theft,Litigation,252747.81,127167.8,Pending supervisor review due to complexity of Theft claim.,True,False,internal,claims_core_system,2025-03-30T15:49:58.156283,2025-06-18T15:49:58.156283,claims_manager_001,claims_manager_001
CLM-000366,POL-000146,Rice-Gross,Commercial Auto,2024-06-29,Workers Compensation,Closed,295183.46,148705.38,Coverage review in progress. Adjuster evaluating damages related to Workers Compensation.,False,True,confidential,fnol_portal,2024-07-04T15:49:58.156283,2024-08-13T15:49:58.156283,claims_manager_001,claims_adjuster_001
CLM-000367,POL-000180,Hoffman and Sons,Commercial Property,2024-12-25,Water Damage,Litigation,374354.67,202055.68,Claim file updated after inspection. Current status: Litigation.,True,True,confidential,fnol_portal,2024-12-30T15:49:58.156283,2025-04-29T15:49:58.156283,claims_manager_001,claims_manager_001
CLM-000368,POL-000074,"King, Franklin and Williams",General Liability,2024-11-09,Property Damage,Litigation,129252.33,101329.06,Claim file updated after inspection. Current status: Litigation.,True,False,restricted,fnol_portal,2024-11-14T15:49:58.156283,2025-02-18T15:49:58.156283,claims_manager_001,claims_adjuster_001
CLM-000369,POL-000116,"May, Booth and Patel",Workers Compensation,2024-11-15,Hail,Litigation,366566.0,173189.91,Coverage review in progress. Adjuster evaluating damages related to Hail.,True,False,restricted,claims_core_system,2024-11-22T15:49:58.156283,2025-02-01T15:49:58.156283,claims_adjuster_002,claims_adjuster_002
CLM-000370,POL-000221,Garcia and Sons,Umbrella,2025-06-11,Property Damage,Open,348872.94,37059.93,Coverage review in progress. Adjuster evaluating damages related to Property Damage.,False,False,confidential,fnol_portal,2025-06-14T15:49:58.162149,2025-08-18T15:49:58.162149,claims_adjuster_002,claims_adjuster_001
CLM-000371,POL-000221,Perkins-Mendez,General Liability,2025-04-25,Water Damage,Closed,95119.35,61869.89,Claim file updated after inspection. Current status: Closed.,False,False,internal,fnol_portal,2025-05-01T15:49:58.162149,2025-06-01T15:49:58.162149,claims_adjuster_002,claims_manager_001
CLM-000372,POL-000275,Patterson-Perez,Commercial Auto,2026-04-13,Windstorm,Closed,34268.48,11953.69,Additional documentation requested from insured regarding Windstorm.,False,False,internal,claims_core_system,2026-04-19T15:49:58.162149,2026-07-30T15:49:58.162149,claims_adjuster_001,claims_adjuster_002
CLM-000373,POL-000105,Bradshaw-Moore,Umbrella,2025-02-25,Windstorm,Litigation,121566.47,103041.08,Additional documentation requested from insured regarding Windstorm.,True,True,internal,adjuster_workbench,2025-03-06T15:49:58.162149,2025-06-08T15:49:58.162149,claims_manager_001,claims_manager_001
CLM-000374,POL-000133,Bryan-Watson,Workers Compensation,2023-11-30,Hail,Denied,251577.65,22373.87,Claim file updated after inspection. Current status: Denied.,False,False,restricted,claims_core_system,2023-12-01T15:49:58.162149,2024-01-16T15:49:58.162149,claims_adjuster_001,claims_adjuster_001
CLM-000375,POL-000268,Dawson-Kelley,Commercial Auto,2024-04-21,Workers Compensation,Litigation,366034.56,349107.41,Claim file updated after inspection. Current status: Litigation.,True,True,confidential,adjuster_workbench,2024-04-23T15:49:58.162149,2024-08-14T15:49:58.162149,claims_manager_001,claims_adjuster_001
CLM-000376,POL-000056,"Brown, Donovan and Jones",Commercial Property,2024-09-11,Hail,Denied,134061.47,19774.32,Coverage review in progress. Adjuster evaluating damages related to Hail.,False,False,internal,claims_core_system,2024-09-20T15:49:58.162149,2024-12-07T15:49:58.162149,claims_adjuster_002,claims_manager_001
CLM-000377,POL-000014,"Arnold, Wilson and Murray",Umbrella,2025-08-26,General Liability,Litigation,146475.16,63843.29,Pending supervisor review due to complexity of General Liability claim.,False,False,confidential,fnol_portal,2025-08-28T15:49:58.162149,2025-10-03T15:49:58.162149,claims_manager_001,claims_adjuster_001
CLM-000378,POL-000194,Porter and Sons,Commercial Auto,2024-04-17,Auto Liability,Litigation,278553.2,203820.52,Pending supervisor review due to complexity of Auto Liability claim.,True,True,confidential,adjuster_workbench,2024-04-23T15:49:58.162149,2024-06-16T15:49:58.162149,claims_adjuster_001,claims_manager_001
CLM-000379,POL-000054,Jones-Brown,Commercial Property,2025-07-18,Hail,Denied,248254.41,8470.62,Additional documentation requested from insured regarding Hail.,False,False,restricted,fnol_portal,2025-07-25T15:49:58.162149,2025-10-22T15:49:58.162149,claims_adjuster_002,claims_adjuster_001
CLM-000380,POL-000018,"Hensley, Brown and Williams",Umbrella,2024-10-07,General Liability,Litigation,44886.14,33283.65,Initial review completed for General Liability. Claim status is currently Litigation.,True,False,confidential,adjuster_workbench,2024-10-16T15:49:58.162149,2025-01-13T15:49:58.162149,claims_manager_001,claims_adjuster_001
CLM-000381,POL-000157,Briggs Ltd,General Liability,2024-01-28,Property Damage,Pending Documents,12542.79,3965.19,Additional documentation requested from insured regarding Property Damage.,False,True,internal,fnol_portal,2024-01-28T15:49:58.162149,2024-03-02T15:49:58.162149,claims_adjuster_001,claims_manager_001
CLM-000382,POL-000197,Hunter LLC,Commercial Property,2024-01-10,Water Damage,Litigation,145880.63,27811.98,Pending supervisor review due to complexity of Water Damage claim.,True,True,confidential,fnol_portal,2024-01-15T15:49:58.162149,2024-02-06T15:49:58.162149,claims_adjuster_002,claims_adjuster_001
CLM-000383,POL-000209,Pena and Sons,Workers Compensation,2025-05-05,Water Damage,Litigation,492065.3,15984.8,Coverage review in progress. Adjuster evaluating damages related to Water Damage.,False,True,confidential,adjuster_workbench,2025-05-14T15:49:58.162149,2025-06-19T15:49:58.162149,claims_manager_001,claims_adjuster_001
CLM-000384,POL-000049,Heath LLC,Commercial Property,2025-09-26,Auto Liability,Litigation,96016.25,62637.83,Pending supervisor review due to complexity of Auto Liability claim.,False,False,internal,adjuster_workbench,2025-09-27T15:49:58.162149,2025-12-14T15:49:58.162149,claims_adjuster_002,claims_adjuster_002
CLM-000385,POL-000195,Singh-Phelps,General Liability,2024-04-17,Water Damage,In Review,384977.76,324642.07,Coverage review in progress. Adjuster evaluating damages related to Water Damage.,False,False,confidential,fnol_portal,2024-04-26T15:49:58.162149,2024-06-30T15:49:58.162149,claims_adjuster_001,claims_adjuster_001
CLM-000386,POL-000033,"Hayden, Ford and Davis",Commercial Property,2024-09-06,Workers Compensation,In Review,50649.6,9823.27,Pending supervisor review due to complexity of Workers Compensation claim.,False,True,restricted,adjuster_workbench,2024-09-10T15:49:58.162149,2024-12-29T15:49:58.162149,claims_adjuster_001,claims_adjuster_002
CLM-000387,POL-000012,"Grant, Gregory and Harrington",Commercial Property,2024-06-25,Auto Liability,Litigation,492614.56,208034.95,Pending supervisor review due to complexity of Auto Liability claim.,True,False,confidential,fnol_portal,2024-07-01T15:49:58.164156,2024-09-27T15:49:58.164156,claims_adjuster_002,claims_adjuster_002
CLM-000388,POL-000245,"Jimenez, Bradley and Gonzales",Commercial Auto,2023-12-09,Windstorm,Open,486375.31,416216.76,Claim file updated after inspection. Current status: Open.,False,False,restricted,adjuster_workbench,2023-12-15T15:49:58.164156,2024-04-10T15:49:58.164156,claims_manager_001,claims_adjuster_002
CLM-000389,POL-000259,"Fernandez, Myers and Gaines",General Liability,2023-12-17,Water Damage,Pending Documents,115493.32,21639.25,Initial review completed for Water Damage. Claim status is currently Pending Documents.,False,False,restricted,claims_core_system,2023-12-22T15:49:58.164156,2024-03-20T15:49:58.164156,claims_adjuster_001,claims_adjuster_001
CLM-000390,POL-000088,Wolf-Stephens,General Liability,2025-01-14,Fire,Litigation,450193.86,183165.2,Claim file updated after inspection. Current status: Litigation.,True,False,internal,fnol_portal,2025-01-21T15:49:58.164156,2025-02-01T15:49:58.164156,claims_adjuster_001,claims_adjuster_002
CLM-000391,POL-000081,Ryan Inc,Umbrella,2026-02-05,Hail,Pending Documents,172020.92,73843.24,Pending supervisor review due to complexity of Hail claim.,False,True,internal,adjuster_workbench,2026-02-07T15:49:58.164156,2026-05-07T15:49:58.164156,claims_adjuster_001,claims_adjuster_002
CLM-000392,POL-000234,Sullivan Inc,Commercial Property,2025-01-20,Water Damage,Closed,98546.22,6420.47,Pending supervisor review due to complexity of Water Damage claim.,False,True,restricted,claims_core_system,2025-01-21T15:49:58.164156,2025-05-06T15:49:58.164156,claims_adjuster_001,claims_manager_001
CLM-000393,POL-000060,Osborne-Carroll,General Liability,2024-01-18,Auto Liability,Litigation,461834.16,217874.48,Coverage review in progress. Adjuster evaluating damages related to Auto Liability.,True,True,restricted,adjuster_workbench,2024-01-23T15:49:58.164156,2024-03-02T15:49:58.164156,claims_adjuster_001,claims_adjuster_001
CLM-000394,POL-000137,"Ferrell, Wilkerson and Nichols",General Liability,2023-11-23,Hail,Litigation,450129.19,159879.8,Claim file updated after inspection. Current status: Litigation.,True,True,confidential,claims_core_system,2023-12-01T15:49:58.164156,2024-03-03T15:49:58.164156,claims_adjuster_002,claims_manager_001
CLM-000395,POL-000122,Thomas LLC,Workers Compensation,2025-01-18,Fire,Litigation,451129.97,52767.43,Pending supervisor review due to complexity of Fire claim.,True,True,restricted,claims_core_system,2025-01-19T15:49:58.164156,2025-05-17T15:49:58.164156,claims_manager_001,claims_manager_001
CLM-000396,POL-000204,Alvarado Inc,Umbrella,2024-10-27,Property Damage,Litigation,65224.6,48567.76,Claim file updated after inspection. Current status: Litigation.,True,False,restricted,adjuster_workbench,2024-11-06T15:49:58.164156,2025-01-11T15:49:58.164156,claims_manager_001,claims_adjuster_001
CLM-000397,POL-000128,Haney Inc,General Liability,2026-03-11,Hail,Litigation,499448.98,321645.14,Coverage review in progress. Adjuster evaluating damages related to Hail.,True,True,restricted,adjuster_workbench,2026-03-21T15:49:58.164156,2026-03-30T15:49:58.164156,claims_adjuster_002,claims_adjuster_001
CLM-000398,POL-000272,Vasquez-Bond,Commercial Property,2025-12-08,Workers Compensation,Litigation,176219.54,47616.9,Claim file updated after inspection. Current status: Litigation.,True,True,restricted,adjuster_workbench,2025-12-09T15:49:58.164156,2026-01-17T15:49:58.164156,claims_manager_001,claims_adjuster_002
CLM-000399,POL-000134,Solis Group,General Liability,2025-02-26,Water Damage,Litigation,453052.96,363991.59,Coverage review in progress. Adjuster evaluating damages related to Water Damage.,True,False,restricted,claims_core_system,2025-03-03T15:49:58.164156,2025-04-26T15:49:58.164156,claims_adjuster_002,claims_adjuster_002
CLM-000400,POL-000259,"Brooks, Roman and Fox",Commercial Property,2025-09-10,Auto Liability,Litigation,75377.73,44564.04,Additional documentation requested from insured regarding Auto Liability.,True,True,restricted,claims_core_system,2025-09-10T15:49:58.164156,2025-10-27T15:49:58.164156,claims_adjuster_001,claims_manager_001
CLM-000401,POL-000117,"Velasquez, Porter and Schultz",Commercial Property,2024-03-03,Windstorm,Litigation,17547.55,15080.34,Initial review completed for Windstorm. Claim status is currently Litigation.,False,False,restricted,claims_core_system,2024-03-06T15:49:58.164156,2024-06-15T15:49:58.164156,claims_adjuster_001,claims_adjuster_002
CLM-000402,POL-000285,Moran Group,General Liability,2025-06-10,Water Damage,Litigation,285869.21,116614.01,Initial review completed for Water Damage. Claim status is currently Litigation.,False,False,internal,claims_core_system,2025-06-15T15:49:58.166164,2025-06-30T15:49:58.166164,claims_manager_001,claims_adjuster_002
CLM-000403,POL-000203,Mcfarland-Knight,Commercial Property,2025-10-12,Fire,Litigation,256770.32,21899.29,Claim file updated after inspection. Current status: Litigation.,True,False,restricted,claims_core_system,2025-10-13T15:49:58.166164,2025-11-19T15:49:58.166164,claims_manager_001,claims_adjuster_002
CLM-000404,POL-000090,"Cook, Green and Stevenson",Umbrella,2024-01-17,Water Damage,Denied,407318.3,122927.94,Initial review completed for Water Damage. Claim status is currently Denied.,False,False,confidential,claims_core_system,2024-01-22T15:49:58.166164,2024-02-26T15:49:58.166164,claims_adjuster_001,claims_adjuster_002
CLM-000405,POL-000015,Green-Alvarado,Umbrella,2025-03-14,Theft,Closed,39707.89,23860.92,Pending supervisor review due to complexity of Theft claim.,False,True,restricted,claims_core_system,2025-03-20T15:49:58.166164,2025-07-12T15:49:58.166164,claims_adjuster_001,claims_manager_001
CLM-000406,POL-000274,"Lutz, Wilson and Perry",General Liability,2025-05-30,General Liability,Pending Documents,160547.57,42709.42,Pending supervisor review due to complexity of General Liability claim.,False,False,confidential,claims_core_system,2025-06-03T15:49:58.166164,2025-06-16T15:49:58.166164,claims_adjuster_001,claims_manager_001
CLM-000407,POL-000063,Ingram-Smith,Commercial Property,2024-02-22,Auto Liability,Open,99397.94,11827.94,Additional documentation requested from insured regarding Auto Liability.,False,False,internal,claims_core_system,2024-03-03T15:49:58.166164,2024-04-15T15:49:58.166164,claims_adjuster_001,claims_manager_001
CLM-000408,POL-000107,Lopez-Allen,Umbrella,2025-01-30,Hail,In Review,283920.04,20128.15,Claim file updated after inspection. Current status: In Review.,False,False,restricted,adjuster_workbench,2025-01-31T15:49:58.166164,2025-04-27T15:49:58.166164,claims_manager_001,claims_manager_001
CLM-000409,POL-000196,Smith Group,Commercial Auto,2024-11-19,Windstorm,Litigation,306535.5,265807.69,Initial review completed for Windstorm. Claim status is currently Litigation.,False,True,confidential,adjuster_workbench,2024-11-19T15:49:58.166164,2025-01-01T15:49:58.166164,claims_adjuster_001,claims_manager_001
CLM-000410,POL-000084,Erickson Ltd,General Liability,2024-05-16,Workers Compensation,Open,320453.0,198675.1,Additional documentation requested from insured regarding Workers Compensation.,False,True,internal,fnol_portal,2024-05-16T15:49:58.166164,2024-07-31T15:49:58.166164,claims_adjuster_002,claims_adjuster_001
CLM-000411,POL-000046,Henderson-Patel,Umbrella,2025-09-27,Theft,Closed,407782.31,241847.68,Initial review completed for Theft. Claim status is currently Closed.,False,False,restricted,claims_core_system,2025-10-07T15:49:58.166164,2025-11-26T15:49:58.166164,claims_manager_001,claims_adjuster_002
CLM-000412,POL-000151,"Hayes, Boyd and Clarke",General Liability,2025-09-17,Auto Liability,Litigation,112412.41,88457.38,Additional documentation requested from insured regarding Auto Liability.,True,True,internal,claims_core_system,2025-09-21T15:49:58.166164,2025-12-15T15:49:58.166164,claims_manager_001,claims_manager_001
CLM-000413,POL-000259,"Jackson, Reeves and Velazquez",Commercial Auto,2026-03-04,Windstorm,Open,29357.47,20818.37,Initial review completed for Windstorm. Claim status is currently Open.,False,True,confidential,adjuster_workbench,2026-03-06T15:49:58.166164,2026-06-01T15:49:58.166164,claims_manager_001,claims_manager_001
CLM-000414,POL-000053,"Orr, Brock and Rocha",Umbrella,2025-12-31,Fire,Litigation,57545.54,48872.96,Initial review completed for Fire. Claim status is currently Litigation.,True,True,restricted,fnol_portal,2026-01-05T15:49:58.166164,2026-03-30T15:49:58.166164,claims_adjuster_002,claims_adjuster_002
CLM-000415,POL-000038,Hanson-Richardson,Umbrella,2025-04-29,Hail,In Review,107451.56,105412.39,Pending supervisor review due to complexity of Hail claim.,False,False,internal,fnol_portal,2025-04-29T15:49:58.166164,2025-06-09T15:49:58.166164,claims_manager_001,claims_adjuster_002
CLM-000416,POL-000108,Gordon-Lewis,Commercial Auto,2026-01-23,General Liability,Litigation,108943.36,96069.87,Additional documentation requested from insured regarding General Liability.,True,False,internal,claims_core_system,2026-01-25T15:49:58.166164,2026-04-23T15:49:58.166164,claims_adjuster_001,claims_adjuster_001
CLM-000417,POL-000134,Jimenez PLC,Commercial Auto,2024-04-28,General Liability,Litigation,421668.33,376460.0,Initial review completed for General Liability. Claim status is currently Litigation.,True,True,confidential,claims_core_system,2024-05-05T15:49:58.166164,2024-07-17T15:49:58.166164,claims_manager_001,claims_manager_001
CLM-000418,POL-000223,Gardner Inc,Umbrella,2025-08-23,Auto Liability,Litigation,263718.32,167557.37,Claim file updated after inspection. Current status: Litigation.,True,False,restricted,fnol_portal,2025-09-01T15:49:58.166164,2025-12-28T15:49:58.166164,claims_manager_001,claims_adjuster_002
CLM-000419,POL-000061,Martin-Porter,Commercial Auto,2023-12-02,Hail,Litigation,39893.4,27866.59,Additional documentation requested from insured regarding Hail.,True,True,confidential,adjuster_workbench,2023-12-07T15:49:58.166164,2024-02-17T15:49:58.166164,claims_manager_001,claims_adjuster_001
CLM-000420,POL-000276,Freeman-Jones,Workers Compensation,2024-02-28,Hail,Litigation,305991.33,217948.94,Coverage review in progress. Adjuster evaluating damages related to Hail.,False,True,internal,claims_core_system,2024-03-06T15:49:58.166164,2024-04-10T15:49:58.166164,claims_adjuster_001,claims_adjuster_002
CLM-000421,POL-000036,Martinez Ltd,Commercial Property,2025-06-26,Fire,In Review,28272.9,13376.75,Claim file updated after inspection. Current status: In Review.,False,True,restricted,claims_core_system,2025-07-01T15:49:58.166164,2025-10-01T15:49:58.166164,claims_adjuster_002,claims_manager_001
CLM-000422,POL-000251,Whitehead Group,Workers Compensation,2025-02-10,Auto Liability,Denied,77928.69,5601.98,Pending supervisor review due to complexity of Auto Liability claim.,False,False,confidential,fnol_portal,2025-02-11T15:49:58.166164,2025-04-22T15:49:58.166164,claims_adjuster_001,claims_adjuster_002
CLM-000423,POL-000229,"Martinez, Harper and Brown",Umbrella,2026-01-25,Water Damage,Litigation,419132.11,158608.24,Pending supervisor review due to complexity of Water Damage claim.,True,True,restricted,adjuster_workbench,2026-01-29T15:49:58.166164,2026-03-05T15:49:58.166164,claims_manager_001,claims_manager_001
CLM-000424,POL-000171,"Johnson, Miller and Parrish",Workers Compensation,2025-11-01,General Liability,Closed,106716.2,105650.76,Additional documentation requested from insured regarding General Liability.,False,True,internal,fnol_portal,2025-11-11T15:49:58.166164,2026-03-08T15:49:58.166164,claims_adjuster_002,claims_adjuster_001
CLM-000425,POL-000201,"Gray, Ramos and Richmond",Commercial Auto,2024-02-08,Property Damage,Pending Documents,259063.25,139590.87,Claim file updated after inspection. Current status: Pending Documents.,False,False,confidential,claims_core_system,2024-02-08T15:49:58.166164,2024-02-14T15:49:58.166164,claims_adjuster_002,claims_manager_001
CLM-000426,POL-000048,Kennedy-Luna,Umbrella,2025-07-03,Auto Liability,Closed,398619.59,375472.39,Coverage review in progress. Adjuster evaluating damages related to Auto Liability.,False,True,restricted,claims_core_system,2025-07-10T15:49:58.166164,2025-09-14T15:49:58.166164,claims_manager_001,claims_adjuster_001
CLM-000427,POL-000116,"Delacruz, Shaw and Henderson",Workers Compensation,2025-02-12,Fire,Closed,366759.62,365554.47,Additional documentation requested from insured regarding Fire.,False,True,restricted,claims_core_system,2025-02-12T15:49:58.166164,2025-04-21T15:49:58.166164,claims_adjuster_002,claims_adjuster_001
CLM-000428,POL-000066,"Webb, Bradley and Nelson",Commercial Auto,2025-05-31,Fire,Litigation,272273.82,4680.37,Coverage review in progress. Adjuster evaluating damages related to Fire.,True,True,internal,fnol_portal,2025-05-31T15:49:58.166164,2025-09-21T15:49:58.166164,claims_adjuster_002,claims_manager_001
CLM-000429,POL-000259,"Humphrey, Garcia and Martin",Workers Compensation,2026-03-22,Windstorm,Denied,209154.73,102704.26,Initial review completed for Windstorm. Claim status is currently Denied.,False,True,restricted,adjuster_workbench,2026-03-25T15:49:58.166164,2026-04-02T15:49:58.166164,claims_adjuster_002,claims_manager_001
CLM-000430,POL-000221,Gonzalez and Sons,Umbrella,2024-01-02,Auto Liability,Open,109405.12,86287.97,Coverage review in progress. Adjuster evaluating damages related to Auto Liability.,False,False,restricted,fnol_portal,2024-01-04T15:49:58.166164,2024-02-28T15:49:58.166164,claims_manager_001,claims_adjuster_001
CLM-000431,POL-000188,Poole-Esparza,Umbrella,2026-03-28,Workers Compensation,Litigation,303830.3,255853.09,Pending supervisor review due to complexity of Workers Compensation claim.,False,False,confidential,adjuster_workbench,2026-04-03T15:49:58.166164,2026-07-16T15:49:58.166164,claims_manager_001,claims_manager_001
CLM-000432,POL-000042,"Jordan, Potter and Bryan",General Liability,2024-05-23,General Liability,Denied,50026.25,42559.76,Pending supervisor review due to complexity of General Liability claim.,False,False,restricted,adjuster_workbench,2024-05-31T15:49:58.166164,2024-06-20T15:49:58.166164,claims_adjuster_001,claims_manager_001
CLM-000433,POL-000095,"King, Farrell and Berger",Umbrella,2024-04-26,Fire,Denied,180520.57,53442.89,Pending supervisor review due to complexity of Fire claim.,False,False,restricted,claims_core_system,2024-04-29T15:49:58.166164,2024-05-22T15:49:58.166164,claims_adjuster_001,claims_adjuster_002
CLM-000434,POL-000163,Rice-Chung,Commercial Property,2025-09-09,Hail,Litigation,112128.73,60349.43,Pending supervisor review due to complexity of Hail claim.,False,False,confidential,claims_core_system,2025-09-19T15:49:58.166164,2025-11-14T15:49:58.166164,claims_adjuster_002,claims_adjuster_001
CLM-000435,POL-000227,Zamora and Sons,Umbrella,2024-10-07,Property Damage,Denied,289392.7,35826.02,Coverage review in progress. Adjuster evaluating damages related to Property Damage.,False,True,internal,claims_core_system,2024-10-15T15:49:58.166164,2024-12-28T15:49:58.166164,claims_adjuster_001,claims_manager_001
CLM-000436,POL-000082,Soto-Strong,Umbrella,2025-05-13,Windstorm,Litigation,390511.1,316810.34,Initial review completed for Windstorm. Claim status is currently Litigation.,True,True,internal,claims_core_system,2025-05-14T15:49:58.166164,2025-06-29T15:49:58.166164,claims_adjuster_002,claims_adjuster_002
CLM-000437,POL-000137,"Pittman, Solomon and Harris",Commercial Auto,2025-03-13,Auto Liability,Litigation,358025.57,151594.64,Initial review completed for Auto Liability. Claim status is currently Litigation.,True,False,restricted,claims_core_system,2025-03-16T15:49:58.166164,2025-07-14T15:49:58.166164,claims_adjuster_001,claims_adjuster_001
CLM-000438,POL-000065,Abbott PLC,Commercial Auto,2024-02-15,Workers Compensation,Denied,121252.61,114869.54,Coverage review in progress. Adjuster evaluating damages related to Workers Compensation.,False,False,confidential,adjuster_workbench,2024-02-16T15:49:58.166164,2024-04-22T15:49:58.166164,claims_adjuster_001,claims_adjuster_001
CLM-000439,POL-000009,Ford LLC,General Liability,2024-08-28,Windstorm,Pending Documents,72653.0,28721.3,Coverage review in progress. Adjuster evaluating damages related to Windstorm.,False,False,restricted,claims_core_system,2024-08-28T15:49:58.171016,2024-12-16T15:49:58.171016,claims_adjuster_002,claims_manager_001
CLM-000440,POL-000280,Mcclure-Keith,General Liability,2025-09-23,Windstorm,Litigation,214602.89,112951.61,Claim file updated after inspection. Current status: Litigation.,True,False,restricted,adjuster_workbench,2025-09-28T15:49:58.171016,2025-12-14T15:49:58.171016,claims_adjuster_001,claims_adjuster_002
CLM-000441,POL-000203,"Hernandez, Graham and Lee",Umbrella,2026-01-29,Theft,Litigation,433476.03,362173.26,Claim file updated after inspection. Current status: Litigation.,False,False,internal,fnol_portal,2026-02-01T15:49:58.171016,2026-02-24T15:49:58.171016,claims_adjuster_002,claims_adjuster_002
CLM-000442,POL-000259,Hardy PLC,Commercial Property,2025-11-16,Property Damage,In Review,41565.87,9280.68,Initial review completed for Property Damage. Claim status is currently In Review.,False,True,internal,claims_core_system,2025-11-25T15:49:58.171016,2026-02-15T15:49:58.171016,claims_adjuster_002,claims_adjuster_002
CLM-000443,POL-000160,Johnson-Mcneil,Umbrella,2024-07-14,Workers Compensation,Litigation,354758.77,332812.6,Initial review completed for Workers Compensation. Claim status is currently Litigation.,True,True,confidential,adjuster_workbench,2024-07-18T15:49:58.171016,2024-07-29T15:49:58.171016,claims_adjuster_002,claims_adjuster_002
CLM-000444,POL-000280,Barrera-Robertson,Workers Compensation,2024-12-05,Fire,Open,170833.24,141870.89,Initial review completed for Fire. Claim status is currently Open.,False,True,internal,fnol_portal,2024-12-10T15:49:58.171016,2025-02-01T15:49:58.171016,claims_manager_001,claims_adjuster_002
CLM-000445,POL-000070,Myers Inc,Umbrella,2025-03-04,Windstorm,Pending Documents,185624.65,104171.65,Pending supervisor review due to complexity of Windstorm claim.,False,True,internal,claims_core_system,2025-03-08T15:49:58.171016,2025-06-18T15:49:58.171016,claims_adjuster_001,claims_adjuster_002
CLM-000446,POL-000183,"Yu, Lee and Miller",Commercial Property,2024-08-26,Fire,Litigation,87411.22,4988.33,Coverage review in progress. Adjuster evaluating damages related to Fire.,True,True,restricted,adjuster_workbench,2024-08-30T15:49:58.172028,2024-11-25T15:49:58.172028,claims_manager_001,claims_adjuster_001
CLM-000447,POL-000282,Collins-Pearson,General Liability,2026-03-24,Property Damage,Closed,289348.77,142958.79,Coverage review in progress. Adjuster evaluating damages related to Property Damage.,False,False,confidential,fnol_portal,2026-04-03T15:49:58.172028,2026-04-15T15:49:58.172028,claims_manager_001,claims_manager_001
CLM-000448,POL-000238,King Inc,Umbrella,2024-09-06,Fire,Closed,52171.89,15799.71,Pending supervisor review due to complexity of Fire claim.,False,False,confidential,claims_core_system,2024-09-06T15:49:58.172028,2024-12-19T15:49:58.172028,claims_adjuster_001,claims_adjuster_001
CLM-000449,POL-000159,"Bennett, Cook and Barnett",Commercial Auto,2025-04-13,Fire,Closed,223029.11,25875.67,Coverage review in progress. Adjuster evaluating damages related to Fire.,False,False,confidential,claims_core_system,2025-04-16T15:49:58.172480,2025-07-04T15:49:58.172480,claims_manager_001,claims_adjuster_001
CLM-000450,POL-000248,Gross Inc,General Liability,2025-08-03,Windstorm,Litigation,300323.1,148064.44,Additional documentation requested from insured regarding Windstorm.,True,False,restricted,fnol_portal,2025-08-12T15:49:58.172480,2025-08-13T15:49:58.172480,claims_adjuster_002,claims_adjuster_002
CLM-000451,POL-000152,"Smith, Hardin and Miller",Workers Compensation,2024-03-09,Theft,Litigation,411281.61,287429.77,Pending supervisor review due to complexity of Theft claim.,False,True,internal,adjuster_workbench,2024-03-13T15:49:58.172480,2024-04-25T15:49:58.172480,claims_adjuster_001,claims_manager_001
CLM-000452,POL-000111,Gregory Group,Commercial Property,2024-08-14,Theft,Closed,94694.61,87140.74,Additional documentation requested from insured regarding Theft.,False,False,internal,adjuster_workbench,2024-08-20T15:49:58.172480,2024-09-28T15:49:58.172480,claims_adjuster_001,claims_adjuster_001
CLM-000453,POL-000110,Walker-Perkins,Workers Compensation,2025-12-25,Windstorm,Pending Documents,41417.89,37701.35,Additional documentation requested from insured regarding Windstorm.,False,False,internal,adjuster_workbench,2026-01-01T15:49:58.172480,2026-02-12T15:49:58.172480,claims_manager_001,claims_manager_001
CLM-000454,POL-000101,Cummings-Proctor,General Liability,2025-08-06,Workers Compensation,Open,299926.17,117405.99,Additional documentation requested from insured regarding Workers Compensation.,False,True,internal,adjuster_workbench,2025-08-12T15:49:58.172480,2025-11-13T15:49:58.172480,claims_adjuster_002,claims_adjuster_001
CLM-000455,POL-000060,Rose-Franklin,Workers Compensation,2024-08-16,Windstorm,Litigation,89447.42,52666.98,Pending supervisor review due to complexity of Windstorm claim.,False,False,internal,claims_core_system,2024-08-16T15:49:58.172480,2024-08-30T15:49:58.172480,claims_adjuster_002,claims_adjuster_002
CLM-000456,POL-000159,"Owens, Marshall and Lopez",Commercial Auto,2025-10-28,Theft,Litigation,208935.82,86752.19,Pending supervisor review due to complexity of Theft claim.,True,True,restricted,claims_core_system,2025-11-05T15:49:58.172480,2025-11-23T15:49:58.172480,claims_adjuster_002,claims_manager_001
CLM-000457,POL-000058,Crawford LLC,Workers Compensation,2025-01-29,Fire,Open,381059.06,289767.17,Claim file updated after inspection. Current status: Open.,False,False,confidential,adjuster_workbench,2025-02-05T15:49:58.172480,2025-05-07T15:49:58.172480,claims_manager_001,claims_adjuster_001
CLM-000458,POL-000208,Garcia-Bradford,Commercial Property,2026-03-20,Windstorm,In Review,95840.75,78083.17,Pending supervisor review due to complexity of Windstorm claim.,False,False,internal,fnol_portal,2026-03-30T15:49:58.172480,2026-07-15T15:49:58.172480,claims_manager_001,claims_adjuster_002
CLM-000459,POL-000087,Ayers-Brown,Umbrella,2024-06-15,Property Damage,Litigation,46196.65,13019.55,Coverage review in progress. Adjuster evaluating damages related to Property Damage.,False,False,restricted,claims_core_system,2024-06-15T15:49:58.172480,2024-10-13T15:49:58.172480,claims_manager_001,claims_manager_001
CLM-000460,POL-000190,Salazar Inc,Workers Compensation,2025-09-04,Windstorm,Litigation,143878.24,62505.31,Initial review completed for Windstorm. Claim status is currently Litigation.,True,True,restricted,claims_core_system,2025-09-14T15:49:58.172480,2025-09-28T15:49:58.172480,claims_adjuster_002,claims_adjuster_001
CLM-000461,POL-000096,"Phillips, Davis and Velazquez",Workers Compensation,2025-04-08,Workers Compensation,Closed,237487.05,67524.19,Pending supervisor review due to complexity of Workers Compensation claim.,False,False,confidential,fnol_portal,2025-04-09T15:49:58.172480,2025-07-18T15:49:58.172480,claims_adjuster_002,claims_manager_001
CLM-000462,POL-000016,"Rice, Gibson and Dominguez",Umbrella,2025-05-28,Hail,Pending Documents,246154.98,2015.44,Initial review completed for Hail. Claim status is currently Pending Documents.,False,True,confidential,adjuster_workbench,2025-06-07T15:49:58.172480,2025-09-19T15:49:58.172480,claims_adjuster_001,claims_manager_001
CLM-000463,POL-000068,Wright-Smith,Umbrella,2024-11-05,Fire,Open,13546.49,11304.98,Additional documentation requested from insured regarding Fire.,False,False,confidential,adjuster_workbench,2024-11-07T15:49:58.172480,2025-02-02T15:49:58.172480,claims_adjuster_002,claims_manager_001
CLM-000464,POL-000041,Gallagher Group,General Liability,2025-03-25,Auto Liability,Denied,211007.44,127080.3,Claim file updated after inspection. Current status: Denied.,False,False,confidential,fnol_portal,2025-03-25T15:49:58.172480,2025-04-22T15:49:58.172480,claims_adjuster_002,claims_adjuster_001
CLM-000465,POL-000257,Rocha Ltd,Umbrella,2026-02-24,Windstorm,Litigation,393731.8,201072.79,Additional documentation requested from insured regarding Windstorm.,True,True,restricted,fnol_portal,2026-03-05T15:49:58.172480,2026-03-09T15:49:58.172480,claims_manager_001,claims_adjuster_001
CLM-000466,POL-000111,Sanchez-Young,General Liability,2026-04-01,Auto Liability,Litigation,12987.16,7910.7,Pending supervisor review due to complexity of Auto Liability claim.,False,True,internal,adjuster_workbench,2026-04-10T15:49:58.172480,2026-07-24T15:49:58.172480,claims_adjuster_001,claims_manager_001
CLM-000467,POL-000281,"Wilson, Garcia and Garcia",Workers Compensation,2025-05-08,Water Damage,Closed,296247.76,130864.97,Coverage review in progress. Adjuster evaluating damages related to Water Damage.,False,False,confidential,fnol_portal,2025-05-17T15:49:58.172480,2025-07-15T15:49:58.172480,claims_adjuster_001,claims_manager_001
CLM-000468,POL-000013,Brown-Larson,Umbrella,2025-06-06,Auto Liability,Pending Documents,299283.76,56933.98,Claim file updated after inspection. Current status: Pending Documents.,False,False,confidential,adjuster_workbench,2025-06-15T15:49:58.172480,2025-09-07T15:49:58.172480,claims_adjuster_001,claims_adjuster_001
CLM-000469,POL-000073,Huynh Inc,Commercial Property,2024-04-22,Hail,Litigation,271101.35,12954.38,Initial review completed for Hail. Claim status is currently Litigation.,True,True,restricted,fnol_portal,2024-04-29T15:49:58.172480,2024-05-12T15:49:58.172480,claims_adjuster_002,claims_manager_001
CLM-000470,POL-000105,Lee Ltd,Workers Compensation,2025-08-09,Water Damage,Closed,465516.6,323600.01,Coverage review in progress. Adjuster evaluating damages related to Water Damage.,False,False,internal,claims_core_system,2025-08-18T15:49:58.172480,2025-10-01T15:49:58.172480,claims_adjuster_002,claims_adjuster_001
CLM-000471,POL-000174,Gentry-Davis,Workers Compensation,2025-01-31,Hail,Pending Documents,474187.62,94448.81,Additional documentation requested from insured regarding Hail.,False,True,restricted,adjuster_workbench,2025-02-01T15:49:58.172480,2025-03-25T15:49:58.172480,claims_adjuster_001,claims_adjuster_001
CLM-000472,POL-000131,"Byrd, Wolf and Erickson",Commercial Auto,2025-04-04,Theft,Denied,129014.12,62897.79,Additional documentation requested from insured regarding Theft.,False,False,restricted,claims_core_system,2025-04-04T15:49:58.172480,2025-05-19T15:49:58.172480,claims_adjuster_001,claims_manager_001
CLM-000473,POL-000017,"Jennings, Rose and Serrano",Workers Compensation,2026-01-11,Water Damage,Litigation,208901.18,57369.34,Initial review completed for Water Damage. Claim status is currently Litigation.,True,False,restricted,adjuster_workbench,2026-01-18T15:49:58.172480,2026-04-28T15:49:58.172480,claims_adjuster_002,claims_manager_001
CLM-000474,POL-000159,"Duran, Olson and Fox",General Liability,2023-12-25,General Liability,Pending Documents,393580.66,385841.52,Pending supervisor review due to complexity of General Liability claim.,False,True,internal,fnol_portal,2023-12-30T15:49:58.172480,2024-04-11T15:49:58.172480,claims_manager_001,claims_adjuster_002
CLM-000475,POL-000243,Foster PLC,Commercial Property,2024-02-21,Windstorm,Litigation,64686.03,6184.17,Pending supervisor review due to complexity of Windstorm claim.,True,False,internal,claims_core_system,2024-02-25T15:49:58.172480,2024-02-25T15:49:58.172480,claims_adjuster_001,claims_adjuster_002
CLM-000476,POL-000088,Fleming PLC,General Liability,2026-04-18,Workers Compensation,Litigation,65786.28,14081.63,Coverage review in progress. Adjuster evaluating damages related to Workers Compensation.,False,False,confidential,fnol_portal,2026-04-20T15:49:58.172480,2026-05-20T15:49:58.172480,claims_manager_001,claims_adjuster_001
CLM-000477,POL-000105,"Compton, Velasquez and Reese",Commercial Property,2025-04-16,Hail,Pending Documents,297714.39,8385.95,Initial review completed for Hail. Claim status is currently Pending Documents.,False,False,restricted,adjuster_workbench,2025-04-26T15:49:58.172480,2025-06-29T15:49:58.172480,claims_manager_001,claims_adjuster_002
CLM-000478,POL-000279,Smith PLC,Commercial Auto,2025-03-15,Auto Liability,In Review,286585.88,26335.78,Coverage review in progress. Adjuster evaluating damages related to Auto Liability.,False,True,internal,claims_core_system,2025-03-15T15:49:58.172480,2025-04-04T15:49:58.172480,claims_adjuster_001,claims_adjuster_001
CLM-000479,POL-000083,Murray Group,Commercial Property,2024-12-22,Windstorm,Litigation,276264.38,77759.97,Claim file updated after inspection. Current status: Litigation.,False,False,restricted,fnol_portal,2024-12-23T15:49:58.172480,2025-03-27T15:49:58.172480,claims_adjuster_001,claims_manager_001
CLM-000480,POL-000105,Pierce-Hall,General Liability,2024-04-28,General Liability,Litigation,452045.41,175221.47,Additional documentation requested from insured regarding General Liability.,True,False,confidential,adjuster_workbench,2024-05-08T15:49:58.172480,2024-07-07T15:49:58.172480,claims_adjuster_001,claims_adjuster_002
CLM-000481,POL-000300,Collier-Nichols,Umbrella,2025-06-09,Auto Liability,Pending Documents,277404.95,87072.31,Initial review completed for Auto Liability. Claim status is currently Pending Documents.,False,False,restricted,claims_core_system,2025-06-14T15:49:58.172480,2025-08-21T15:49:58.172480,claims_adjuster_001,claims_manager_001
CLM-000482,POL-000222,Grant-Smith,Commercial Auto,2025-08-16,Fire,Litigation,196650.22,52953.25,Additional documentation requested from insured regarding Fire.,True,True,confidential,fnol_portal,2025-08-24T15:49:58.172480,2025-11-24T15:49:58.172480,claims_adjuster_001,claims_adjuster_001
CLM-000483,POL-000103,Murphy PLC,Umbrella,2025-03-28,Fire,Pending Documents,82713.11,37954.24,Pending supervisor review due to complexity of Fire claim.,False,True,internal,fnol_portal,2025-04-01T15:49:58.172480,2025-05-21T15:49:58.172480,claims_adjuster_001,claims_adjuster_001
CLM-000484,POL-000224,"Moss, Cochran and Gibson",Commercial Auto,2024-09-15,Fire,Litigation,112082.6,52220.48,Coverage review in progress. Adjuster evaluating damages related to Fire.,False,False,confidential,fnol_portal,2024-09-18T15:49:58.172480,2024-12-07T15:49:58.172480,claims_adjuster_002,claims_manager_001
CLM-000485,POL-000208,Jones-Farrell,Workers Compensation,2024-04-16,Water Damage,Litigation,232035.18,90459.59,Pending supervisor review due to complexity of Water Damage claim.,False,False,restricted,adjuster_workbench,2024-04-24T15:49:58.172480,2024-08-17T15:49:58.172480,claims_adjuster_002,claims_adjuster_002
CLM-000486,POL-000263,Harrington-Gillespie,Commercial Property,2025-01-12,Water Damage,In Review,478001.57,139423.92,Claim file updated after inspection. Current status: In Review.,False,False,restricted,adjuster_workbench,2025-01-18T15:49:58.172480,2025-02-25T15:49:58.172480,claims_adjuster_002,claims_adjuster_001
CLM-000487,POL-000191,Wilkinson-Fleming,General Liability,2025-06-27,Auto Liability,Litigation,401903.66,203635.0,Initial review completed for Auto Liability. Claim status is currently Litigation.,False,False,confidential,adjuster_workbench,2025-06-30T15:49:58.172480,2025-07-30T15:49:58.172480,claims_adjuster_002,claims_manager_001
CLM-000488,POL-000145,Fletcher and Sons,Umbrella,2025-09-05,General Liability,Closed,47711.43,44494.71,Pending supervisor review due to complexity of General Liability claim.,False,True,internal,claims_core_system,2025-09-11T15:49:58.172480,2025-12-05T15:49:58.172480,claims_adjuster_002,claims_manager_001
CLM-000489,POL-000192,"Bryant, Harrison and Clayton",Umbrella,2025-03-10,Hail,Litigation,189680.17,101570.98,Pending supervisor review due to complexity of Hail claim.,True,True,confidential,adjuster_workbench,2025-03-14T15:49:58.172480,2025-06-10T15:49:58.172480,claims_adjuster_001,claims_adjuster_002
CLM-000490,POL-000027,Dean Group,General Liability,2024-08-14,General Liability,In Review,322042.09,295589.51,Claim file updated after inspection. Current status: In Review.,False,False,internal,fnol_portal,2024-08-14T15:49:58.172480,2024-09-19T15:49:58.172480,claims_adjuster_002,claims_adjuster_001
CLM-000491,POL-000155,Green PLC,Umbrella,2024-12-10,Theft,Litigation,152946.74,20972.89,Claim file updated after inspection. Current status: Litigation.,True,False,internal,claims_core_system,2024-12-17T15:49:58.172480,2025-03-20T15:49:58.172480,claims_manager_001,claims_adjuster_001
CLM-000492,POL-000102,King Group,Commercial Property,2025-03-22,Property Damage,Litigation,418395.5,317191.9,Initial review completed for Property Damage. Claim status is currently Litigation.,False,False,confidential,claims_core_system,2025-03-26T15:49:58.172480,2025-06-05T15:49:58.172480,claims_adjuster_002,claims_manager_001
CLM-000493,POL-000198,York Inc,Commercial Property,2025-10-31,Hail,Litigation,295089.68,106801.57,Pending supervisor review due to complexity of Hail claim.,True,True,restricted,fnol_portal,2025-11-05T15:49:58.172480,2026-02-11T15:49:58.172480,claims_manager_001,claims_manager_001
CLM-000494,POL-000232,Savage Group,Workers Compensation,2026-01-08,Theft,Litigation,114128.12,66972.4,Initial review completed for Theft. Claim status is currently Litigation.,False,False,internal,fnol_portal,2026-01-17T15:49:58.172480,2026-05-10T15:49:58.172480,claims_adjuster_002,claims_adjuster_001
CLM-000495,POL-000212,"Murphy, Herman and Robertson",Commercial Auto,2026-05-05,Hail,Pending Documents,215252.77,172755.53,Claim file updated after inspection. Current status: Pending Documents.,False,True,restricted,claims_core_system,2026-05-10T15:49:58.172480,2026-08-25T15:49:58.172480,claims_adjuster_002,claims_adjuster_002
CLM-000496,POL-000221,Herman PLC,Umbrella,2025-04-23,Property Damage,Open,229770.5,40068.96,Initial review completed for Property Damage. Claim status is currently Open.,False,False,confidential,claims_core_system,2025-04-28T15:49:58.172480,2025-08-01T15:49:58.172480,claims_manager_001,claims_adjuster_001
CLM-000497,POL-000267,Barton-Morris,Commercial Auto,2026-01-10,Property Damage,Closed,354348.17,161985.86,Initial review completed for Property Damage. Claim status is currently Closed.,False,False,restricted,adjuster_workbench,2026-01-16T15:49:58.172480,2026-02-18T15:49:58.172480,claims_adjuster_001,claims_adjuster_001
CLM-000498,POL-000211,Schmidt Inc,Workers Compensation,2026-04-15,Theft,Litigation,14357.07,7831.36,Initial review completed for Theft. Claim status is currently Litigation.,True,False,restricted,claims_core_system,2026-04-15T15:49:58.172480,2026-04-25T15:49:58.172480,claims_adjuster_002,claims_manager_001
CLM-000499,POL-000175,Park-Armstrong,General Liability,2023-11-29,Auto Liability,Litigation,89981.44,16097.38,Claim file updated after inspection. Current status: Litigation.,False,True,confidential,fnol_portal,2023-12-02T15:49:58.172480,2024-03-23T15:49:58.172480,claims_adjuster_002,claims_adjuster_002
CLM-000500,POL-000018,White PLC,Commercial Auto,2024-06-01,Theft,Litigation,135629.34,108348.26,Claim file updated after inspection. Current status: Litigation.,True,False,restricted,adjuster_workbench,2024-06-10T15:49:58.172480,2024-09-25T15:49:58.172480,claims_manager_001,claims_adjuster_002
